账号,用户组
chenlongzhen,普通用户
chenrong,普通用户
chenzhen,普通用户
chenzhuoliang,普通用户
chengrongjie,普通用户
dengjunjian,普通用户
dengmingming,普通用户
dengyunchu,系统管理员
dongxu,普通用户
dongyajun,普通用户
fuzongxia,普通用户
gaochaojian,普通用户
gaoshuangjie,普通用户
gaoyuan,普通用户
hehao,普通用户
hutuanwei,普通用户
huyaowei,普通用户
huangchanghe,普通用户
huangfuquan,普通用户
huanghuafeng,普通用户
huangjianci,普通用户
huangjunjie,普通用户
huangpengfei,普通用户
huangshuai,普通用户
huangxinhua,普通用户
huangxiumei,普通用户
huangyuening,普通用户
huangyunjin,普通用户
huangyutai,普通用户
huangzesen,普通用户
huangzhizhao,普通用户
jiangguangming,普通用户
jiangzexin,普通用户
libaiyang,产品数据管理员
licaitian,普通用户
lihua,普通用户
lishangfei,普通用户
liwei,普通用户
liangzixin,普通用户
linken,普通用户
linzehe,普通用户
liudunlong,普通用户
liuguohao,普通用户
liuguoqing,普通用户
liuhaibo,普通用户
liumuying,普通用户
liuru,普通用户
liuyubi,普通用户
liuzhaowei,普通用户
luotao,普通用户
luoxuefen,普通用户
lvweiyong,普通用户
mazhanpeng,普通用户
mengshuxing,普通用户
mominzhen1,普通用户
panwei,普通用户
pengjiang,普通用户
qiudonghai,普通用户
songkunkun,普通用户
songzuxing,普通用户
sunhong,普通用户
tangjun,普通用户
tianzheng,普通用户
wangbo,普通用户
wangchaoran,普通用户
wanghaituo,普通用户
wangliwei,普通用户
wangqinghua,普通用户
wangshuangzhu,普通用户
wangyu,普通用户
weishuda,普通用户
wuguangwen,普通用户
wupeicong,普通用户
wushaohui,普通用户
wusuqing,普通用户
xiexiaojuan,普通用户
xiexiaoru,普通用户
xiexiongfeng,普通用户
xieyuanhua,普通用户
xiongwencheng,普通用户
xujinzhi,普通用户
xuqiang,产品数据管理员
xuehao,普通用户
yanghong,普通用户
yangmeiyan,普通用户
yangping,普通用户
yangxiaoyao,普通用户
yexinghua,普通用户
yexinyu,普通用户
yuyepeng,普通用户
yuantao,普通用户
zengxianhua,系统管理员
zhangjiehua,普通用户
zhangsuen,普通用户
zhangwenbo,普通用户
zhangxiaowei,普通用户
zhangyanmei,普通用户
zhaoming,普通用户
zhaowei,普通用户
zhongyunbing,普通用户
zhouguanyi,普通用户
zhujianming,普通用户
zhuoyiming,普通用户
zlb2,普通用户
cgb1,普通用户
gyb,普通用户
yfzl,普通用户
wlb1,普通用户
syzx,普通用户
shfwb1,普通用户
jhb1,普通用户
ck,普通用户
scb1,普通用户
