编号,供应商名称,描述
Ashtree Vision _ Safety Ltd,Ashtree Vision _ Safety Ltd,外后视镜
BMC Truck _ Bus Trans Service Company,BMC Truck _ Bus Trans Service Company,充电机、充电弓
Datasite Hong Kong Limited,Datasite Hong Kong Limited,Z240304
Elephant Holdings Limited,Elephant Holdings Limited,扩音机、功放机
EURABUS GmbH,EURABUS GmbH,Z130026 充电插座、充电机
Kiel Polska Sp. z o.o.,Kiel Polska Sp. z o.o.,Z110001 座椅
LTG Rastatt GmbH,LTG Rastatt GmbH,Z150061 路牌
——,——,自制件
三灶朗克木业装饰材料行,三灶朗克木业装饰材料行,Z150067 九厘板、五厘板、竹胶板
三角集团有限公司,三角集团有限公司,Z120021 轮胎
上海久立汽车配件制造有限公司,上海久立汽车配件制造有限公司,Z150007 司机窗帘
上海久翊汽车零部件有限公司,上海久翊汽车零部件有限公司,遮阳帘
上海乐相科技有限公司,上海乐相科技有限公司,影音系统
上海佑望科技发展有限公司,上海佑望科技发展有限公司,Z150056 PVC板
上海兆如实业有限公司,上海兆如实业有限公司,Z150085 芬兰进口双面覆膜木地板
上海冷溪科技有限公司,上海冷溪科技有限公司,易燃挥发物报警系统
上海加冷松芝汽车空调股份有限公司,上海加冷松芝汽车空调股份有限公司,Z120043 空调
上海双钱轮胎销售有限公司,上海双钱轮胎销售有限公司,Z120020 轮胎
上海同驭汽车科技有限公司,上海同驭汽车科技有限公司,Z140058 线控液压制动系统和电子手刹
上海姜来实业有限公司,上海姜来实业有限公司,风道棉（带吕箔）
上海宏蕾化工有限公司,上海宏蕾化工有限公司,Z150042 胶类
上海开腾信号设备有限公司,上海开腾信号设备有限公司,Z130017 灯具
上海微积丰贸易发展有限公司,上海微积丰贸易发展有限公司,Z130008 进口地板革
上海楚典贸易有限公司,上海楚典贸易有限公司,Z150051 波纹管
上海沃敬机械科技有限公司,上海沃敬机械科技有限公司,Z130037 电子油门踏板
上海治砺环境工程有限公司,上海治砺环境工程有限公司,Z230015 漆雾絮凝剂
上海浩兆实业有限公司,上海浩兆实业有限公司,空调新风装置
上海海蛟交通设备有限公司,上海海蛟交通设备有限公司,车载IC卡机
上海申视汽车新技术有限公司,上海申视汽车新技术有限公司,Z130009 后视镜
上海申龙客车有限公司,上海申龙客车有限公司,Z120002 三类底盘
上海盘毂动力科技股份有限公司,上海盘毂动力科技股份有限公司,电机、电机控制器
上海石象新材料科技有限公司,上海石象新材料科技有限公司,胶、粘接胶
上海硕然电子科技有限公司,上海硕然电子科技有限公司,空调新风装置
上海科曼车辆部件系统股份有限公司,上海科曼车辆部件系统股份有限公司,Z120011 悬架系统
上海联界汽车科技有限公司,上海联界汽车科技有限公司,Z150032 档位控制器、烟雾传感器、USB低速提醒装置
上海英格索兰压缩机有限公司,上海英格索兰压缩机有限公司,Z120014 打气泵
上海鑫贸汽车科技有限公司,上海鑫贸汽车科技有限公司,外后视镜
上海长云汽车服务有限公司,上海长云汽车服务有限公司,遮阳帘
上海顺德汽车配件制造（东台）有限公司,上海顺德汽车配件制造（东台）有限公司,Z150008 侧窗帘
上海鹏雁电子有限公司,上海鹏雁电子有限公司,Z150104 富阳恒泰四合一售后用配件继电器EVR250A-AB
东莞奔迅汽车玻璃有限公司,东莞奔迅汽车玻璃有限公司,Z120030 玻璃
东莞奔迅汽车玻璃有限公司（原为信义原部件）,东莞奔迅汽车玻璃有限公司（原为信义原部件）,Z120071
东莞市中瑞电子有限公司,东莞市中瑞电子有限公司,Z150114
东莞市佳雅汽车座椅有限公司,东莞市佳雅汽车座椅有限公司,Z130006 公路车乘客座椅
东莞市创利制冷材料有限公司,东莞市创利制冷材料有限公司,Z230018 冰种
东莞市卓狮五金科技有限公司,东莞市卓狮五金科技有限公司,Z150119 高宝车客户点单 电压表
东莞市德崧电子有限公司,东莞市德崧电子有限公司,Z140043 停止充电按钮
东莞市牧隆仓储设备有限公司,东莞市牧隆仓储设备有限公司,Z230020 标准工位器具货架
东莞福泽尔电子科技有限公司,东莞福泽尔电子科技有限公司,Z140022 破玻器
东莞空研冷却塔有限公司,东莞空研冷却塔有限公司,Z220005 新能源实验室
东风德纳车桥有限公司,东风德纳车桥有限公司,Z120004 桥总成
东风（十堰）汽车液压动力有限公司,东风（十堰）汽车液压动力有限公司,液压助力器、机械踏板
中国公路车辆机械有限公司,中国公路车辆机械有限公司,Z120010 悬架系统
中山如洋精密科技有限公司,中山如洋精密科技有限公司,Z230027 便携式三坐标测量仪
中山市圣泰亚机械科技有限公司,中山市圣泰亚机械科技有限公司,Z150118 高宝车客户点单用地台码和船仔码
中山福沃德模具有限公司,中山福沃德模具有限公司,液压助力器、机械踏板
中汽客汽车零部件（厦门）有限公司,中汽客汽车零部件（厦门）有限公司,Z130028 灭火器
中汽研（天津）汽车工程研究院有限公司,中汽研（天津）汽车工程研究院有限公司,Z140055 固态激光雷达、环视相机
中科汽车零部件（苏州）有限公司,中科汽车零部件（苏州）有限公司,灭火器、喷淋灭火器
中航光电科技股份有限公司,中航光电科技股份有限公司,连接器、插接头
丹东嘉华科技有限公司,丹东嘉华科技有限公司,Z150095 申龙底盘售后件、紫铜管等
丹东天铧汽车装备有限公司,丹东天铧汽车装备有限公司,Z220018 蒙皮辊压成型设备
丹东黄海汽车有限责任公司,丹东黄海汽车有限责任公司,底盘
丹阳东港灯具有限公司,丹阳东港灯具有限公司,Z130011 内后视镜、灯具
丹阳峰光汽车部件有限公司,丹阳峰光汽车部件有限公司,冲压件
丹阳市中远车灯有限公司,丹阳市中远车灯有限公司,Z130041 车用灯具
丹阳市俊帆汽车部件厂,丹阳市俊帆汽车部件厂,开关、残疾人上车提示开关
丹阳市俊诚车辆配件有限公司,丹阳市俊诚车辆配件有限公司,Z150020 左六连杆铰链
丹阳市宏达源汽车配件有限公司,丹阳市宏达源汽车配件有限公司,Z130004 安全锤、铝合金风道、检修盖应急阀、扶手、安全天窗
丹阳市禹昌汽车饰件有限公司,丹阳市禹昌汽车饰件有限公司,装饰件
丹阳市荣文车辆附件有限公司,丹阳市荣文车辆附件有限公司,Z150006 安全锤、应急阀
丹阳市车船装饰件有限公司,丹阳市车船装饰件有限公司,Z130012 安全天窗
丹阳市金业来车辆装饰件有限公司,丹阳市金业来车辆装饰件有限公司,座椅
丹阳市金石汽车配件有限公司,丹阳市金石汽车配件有限公司,仪表台
丹阳市鸿耀汽车部件有限公司,丹阳市鸿耀汽车部件有限公司,Z130027 灯具
优巴客(青岛)工业装备制造有限公司,优巴客(青岛)工业装备制造有限公司,Z220017 移动式客车举升机
余姚展欣汽车部件有限公司,余姚展欣汽车部件有限公司,储气筒
余姚市万国机械有限公司,余姚市万国机械有限公司,Z130001 方向管柱组合开关
佛山南海三诚汽车零部件有限公司,佛山南海三诚汽车零部件有限公司,Z150015 机加件
佛山市凯钊钢材贸易有限公司,佛山市凯钊钢材贸易有限公司,Z140047 镀锌板（钢蒙皮）
佛山市南海区瑞风空调设备制造有限公司,佛山市南海区瑞风空调设备制造有限公司,Z220006 新能源实验室
佛山市南海区绿能汽车配件有限公司,佛山市南海区绿能汽车配件有限公司,Z130019 除霜器
佛山市南海区西樵橡塑制品厂,佛山市南海区西樵橡塑制品厂,Z150029 胶条
佛山市南海瀚坤堂精密五金制品有限公司,佛山市南海瀚坤堂精密五金制品有限公司,铝合金锻件
佛山市启新模具有限公司,佛山市启新模具有限公司,铝合金铸件
佛山市展宏建材有限公司,佛山市展宏建材有限公司,Z150111 铝型材（高宝点单供方）
佛山市远驰紧固件有限公司,佛山市远驰紧固件有限公司,Z150068 标准件
佛山市顺德区新太昌汽车科技有限公司,佛山市顺德区新太昌汽车科技有限公司,Z120060 空调
佰瑞特旗舰店（天猫）,佰瑞特旗舰店（天猫）,网店
全兴精工集团有限公司,全兴精工集团有限公司,Z120015 转向泵、转向器
创联新能源科技（深圳）有限公司,创联新能源科技（深圳）有限公司,Z140059 汇川多合一售后用配件高压保险、继电器、端子、密封件、塑胶盖
北京万集科技股份有限公司,北京万集科技股份有限公司,车联网终端产品、车载无线终端产品、光电子产品及雷达、车用电子产品
北京世纪联保消防新技术股份有限公司,北京世纪联保消防新技术股份有限公司,灭火器、消防器材
北京中科慧眼科技有限公司,北京中科慧眼科技有限公司,AEBS自动紧急制动系统
北京丰盛伟业汽车配件有限公司,北京丰盛伟业汽车配件有限公司,库存物料消耗-倒车蜂鸣器
北京佩特来电器有限公司,北京佩特来电器有限公司,整体式交流发电机
北京元坤天成电子科技有限公司,北京元坤天成电子科技有限公司,Z220003 新能源实验室
北京奥特尼克科技有限公司,北京奥特尼克科技有限公司,Z120093 电控管柱伺服转向装置等
北京帝格线束有限责任公司,北京帝格线束有限责任公司,Z120094 整车高低压线束
北京施和得科技发展有限公司,北京施和得科技发展有限公司,Z120070
北京易瑞浦电子科技有限公司,北京易瑞浦电子科技有限公司,Z150073 安全开关
北京理工华创电动车技术有限公司,北京理工华创电动车技术有限公司,整车控制器、高压集成控制器、电驱动与传动系统、分布式驱动动力系统
北京蓝控机电科技有限公司,北京蓝控机电科技有限公司,电子液压制动系统、EBOOSTER总成 、EPB电子驻车总成
北京诺耕科技发展有限公司,北京诺耕科技发展有限公司,Z140056 Velodyne 16线激光雷达
北京驰创达空气悬架有限公司,北京驰创达空气悬架有限公司,Z220002 四轮定位仪
十堰咫登汽车零部件有限公司,十堰咫登汽车零部件有限公司,Z120081 打气泵，制动踏板
十堰玄宇汽车电子有限公司,十堰玄宇汽车电子有限公司,Z130002 电子油门踏板
华升富士达电梯有限公司广州分公司,华升富士达电梯有限公司广州分公司,Z240324
协禧电机股份有限公司,协禧电机股份有限公司,电机、散热风扇
南京名骏科技有限公司,南京名骏科技有限公司,桥总成、车桥、后桥、前桥
南京威廉希尔汽车装饰有限公司,南京威廉希尔汽车装饰有限公司,Z150027 方向盘LOZO
南京康尼机电股份有限公司,南京康尼机电股份有限公司,Z120027 塞拉门
南京泰晟科技实业有限公司,南京泰晟科技实业有限公司,Z140030 胎压监测系统
南京瑞力汽车配件有限公司,南京瑞力汽车配件有限公司,Z130045 具有欧盟认证的公交座椅
南京苏凯汽车零部件有限公司,南京苏凯汽车零部件有限公司,Z150025 标识
南京道驰网络科技有限公司,南京道驰网络科技有限公司,Z240141
南宁森鹊电子设备有限公司,南宁森鹊电子设备有限公司,Z150120 高宝车客户点单 LED室内灯
南昌市良生实业有限公司,南昌市良生实业有限公司,空调
南通市科特佳汽车用品有限责任公司,南通市科特佳汽车用品有限责任公司,Z150108 窗帘
卡活（香港）有限公司,卡活（香港）有限公司,Z130025 灯具
厦门云涛工贸有限公司,厦门云涛工贸有限公司,蒙皮加工、铰链座
厦门众鑫智科技有限公司,厦门众鑫智科技有限公司,Z140018 车载电视机、播放器
厦门佳松工贸有限公司,厦门佳松工贸有限公司,Z150083 座椅
厦门信鸿鑫电子科技有限公司,厦门信鸿鑫电子科技有限公司,Z150082 电子钟
厦门厦天力汽车零部件有限公司,厦门厦天力汽车零部件有限公司,Z140009 挤塑、吸塑
厦门固安达科技有限公司,厦门固安达科技有限公司,铝合金轮辋
厦门威迪思汽车设计服务有限公司,厦门威迪思汽车设计服务有限公司,Z240167
厦门宏发电声销售有限公司,厦门宏发电声销售有限公司,Z150116 广通客车老供方主供售后用主正继电器
厦门市悦为科技有限公司,厦门市悦为科技有限公司,轮椅固定装置
厦门市湖里区程辉汽车电器厂,厦门市湖里区程辉汽车电器厂,电子钟
厦门市祥亦经贸有限公司,厦门市祥亦经贸有限公司,Z150037 200A保险盒
厦门市福工动力技术有限公司,厦门市福工动力技术有限公司,Z120073
厦门市鑫程光工贸有限公司,厦门市鑫程光工贸有限公司,Z150057 档位开关
厦门志盛实业有限公司,厦门志盛实业有限公司,Z140050 车载冰箱
厦门捷登机械有限公司,厦门捷登机械有限公司,排水阀
厦门星衡电子科技有限责任公司,厦门星衡电子科技有限责任公司,车载通讯、视讯系统
厦门柏孜科技有限公司,厦门柏孜科技有限公司,Z140040 地板检修盖、安全门、过线胶圈、过孔胶圈
厦门泰谷远东汽车配件有限公司,厦门泰谷远东汽车配件有限公司,Z150041 司机风扇
厦门海合达电子信息股份有限公司,厦门海合达电子信息股份有限公司,Z150039 电子钟、扬声器、喇叭
厦门海清成新能源汽车科技有限公司,厦门海清成新能源汽车科技有限公司,Z150030 胶条(原厦门百吉）
厦门海菱科技股份有限公司,厦门海菱科技股份有限公司,Z140016 倒车监视、显示屏、车载电视机、播放器MP3收放机
厦门磁北科技有限公司,厦门磁北科技有限公司,路牌、监控系统
厦门福工动力技术有限公司,厦门福工动力技术有限公司,电机控制器、辅助四合一控制器  五合一控制器
厦门蓝斯通信股份有限公司,厦门蓝斯通信股份有限公司,Z140048 路牌、倒车显示屏
厦门诺瑞特实业股份有限公司,厦门诺瑞特实业股份有限公司,Z150046 地板革喷胶
厦门金龙汽车座椅有限公司,厦门金龙汽车座椅有限公司,座椅、智能驾驶车座椅
厦门金龙汽车车身有限公司,厦门金龙汽车车身有限公司,车身覆盖件、门类
厦门鑫奥星电子机械科技有限公司,厦门鑫奥星电子机械科技有限公司,Z120019 ABS系统、制动总泵、阀类
厦门马恒达汽车零部件有限公司,厦门马恒达汽车零部件有限公司,Z130030 扬声器
厦门鼎立特电子科技有限公司,厦门鼎立特电子科技有限公司,Z150090 环境亮度传感器
句容市东升汽车附件有限公司,句容市东升汽车附件有限公司,Z140038 锁具
合肥国轩高科动力能源有限公司,合肥国轩高科动力能源有限公司,Z120035 动力电池
合肥思艾智能科技有限公司,合肥思艾智能科技有限公司,易燃挥发物报警系统
合肥柯美汽车零部件有限公司,合肥柯美汽车零部件有限公司,Z130003 水泵
吉客传动科技（苏州）有限公司,吉客传动科技（苏州）有限公司,Z120063 桥总成
吉林省德天诺安全科技有限公司,吉林省德天诺安全科技有限公司,Z140015 破玻器
吉门保险丝制造(厦门)有限公司,吉门保险丝制造(厦门)有限公司,保险丝
吴江市海亮纺织有限公司,吴江市海亮纺织有限公司,Z150097 风道底板面料（超纤绒布面料）
哈尔滨威帝电子股份有限公司,哈尔滨威帝电子股份有限公司,配电盒
嘉灵开关制造（中山）有限公司,嘉灵开关制造（中山）有限公司,Z150033 翘板开关
四会市同利五金制品有限公司,四会市同利五金制品有限公司,Z150110 螺丝座（高宝客户指定供应商）
四川华川工业有限公司,四川华川工业有限公司,Z140024 破玻器
图尔克（天津）科技有限公司,图尔克（天津）科技有限公司,Z150094 乘客开门按钮
圣约实业（上海）有限公司,圣约实业（上海）有限公司,Z230026 材料费
天津市松正电动汽车技术股份有限公司,天津市松正电动汽车技术股份有限公司,Z120017 转向泵、转向器、四合一控制器
天津市鹤鼎工贸有限公司,天津市鹤鼎工贸有限公司,Z150058 卡箍\弯头\直通
天津清智科技有限公司,天津清智科技有限公司,Z120051 自动紧急制动
威伯科（上海）管理有限公司,威伯科（上海）管理有限公司,制动阀类、
宁德时代新能源科技股份有限公司,宁德时代新能源科技股份有限公司,Z120034 动力电池
宁德时代电动科技有限公司,宁德时代电动科技有限公司,Z120069 高压配电箱、分线盒
宁波乾方汽车配件有限公司,宁波乾方汽车配件有限公司,Z150021 单轴铰链
宁波合祥汽摩配件有限公司,宁波合祥汽摩配件有限公司,Z150063 点烟器座
宁波市三浪润滑元件有限公司,宁波市三浪润滑元件有限公司,Z140002 集中润滑
宁波市海曙雪利曼电子仪表有限公司,宁波市海曙雪利曼电子仪表有限公司,Z120022 胎压监测系统、CAN总线、翘板开关、行车记录仪
宁波顺盈汽车配件有限公司,宁波顺盈汽车配件有限公司,Z150060 电源夹板
安徽中涣智能防务设备营销服务有限公司,安徽中涣智能防务设备营销服务有限公司,Z110002 锂电池箱专用监测预警及自动防护装置
安徽中科中涣防务装备技术有限公司,安徽中科中涣防务装备技术有限公司,灭火器、电池箱灭火器
安徽中科爱电新能源科技有限公司,安徽中科爱电新能源科技有限公司,Z140023 ZPS、调度
安徽博古特机电科技有限公司,安徽博古特机电科技有限公司,Z120085 空压机（打气泵）
安徽威佳汽车零部件有限公司,安徽威佳汽车零部件有限公司,Z130039 双钱轮胎
安徽永芳汽车零部件有限公司,安徽永芳汽车零部件有限公司,遮阳帘
安徽江淮汽车集团股份有限公司,安徽江淮汽车集团股份有限公司,Z120003 三类底盘
安徽赛客安防科技有限公司,安徽赛客安防科技有限公司,电池箱灭火器
安徽金诚汽车装饰设计开发有限公司,安徽金诚汽车装饰设计开发有限公司,Z140006 仪表台
安徽霍山县富辰林产科技有限公司,安徽霍山县富辰林产科技有限公司,竹胶板
安费诺科技术有限公司,安费诺科技术有限公司,连接器
山东禹轮机械科技有限公司,山东禹轮机械科技有限公司,轮辋
嵊州市御笙电子科技股份有限公司,嵊州市御笙电子科技股份有限公司,Z150107 扬声器
巩义市泛锐熠辉复合材料有限公司,巩义市泛锐熠辉复合材料有限公司,Z150105 棉类产品
市场采购,市场采购,市场采购
希迪智驾（长沙智能驾驶研究院）,希迪智驾（长沙智能驾驶研究院）,自动驾驶零部件、车载相机
常州信德泰克电器有限公司,常州信德泰克电器有限公司,Z140042 残疾人翻转踏步
常州力普特贸易有限公司,常州力普特贸易有限公司,Z120087 倍耐力轮胎
常州市军越车辆科技有限公司,常州市军越车辆科技有限公司,Z140004 PVC风道、扶手、PVC板
常州市凯凌车配有限公司,常州市凯凌车配有限公司,Z130010 后视镜、内后视镜
常州市浩哲科技有限公司,常州市浩哲科技有限公司,ATS
常州艾嵘车辆部件有限公司,常州艾嵘车辆部件有限公司,Z140041 侧围装饰板
常州蜀杰车辆部件有限公司,常州蜀杰车辆部件有限公司,胶管
常州远方卓越汽车部件有限公司,常州远方卓越汽车部件有限公司,Z150086 折叠座椅
常州长江玻璃有限公司,常州长江玻璃有限公司,玻璃
常州隆发电气科技有限公司,常州隆发电气科技有限公司,Z140026 扶手
常熟申毅卡车厢体制造有限公司,常熟申毅卡车厢体制造有限公司,Z130032 15mm木地板
广东东兴客车配件有限公司,广东东兴客车配件有限公司,Z130014 雨刮器
广东亚德客智能装备有限公司,广东亚德客智能装备有限公司,Z150062 直通快插管接头\两位三通电磁阀
广东亿尚智能办公家具有限公司,广东亿尚智能办公家具有限公司,Z230021 办公、食堂、宿舍家具项目
广东兴发精密制造有限公司,广东兴发精密制造有限公司,Z150078 铝型材、中段装饰件
广东兴发铝业有限公司,广东兴发铝业有限公司,铝型材
广东别特视讯科技有限公司,广东别特视讯科技有限公司,车内广告屏、双面屏、电视广告机、信息通讯与声像
广东富瑞希空气净化过滤制品有限公司,广东富瑞希空气净化过滤制品有限公司,Z230014 过滤顶棉
广东欧派斯润滑科技有限公司,广东欧派斯润滑科技有限公司,Z150109 润滑油、防冻液
广东祥瑞亿能新能源科技有限公司,广东祥瑞亿能新能源科技有限公司,Z140019 胎压监测系统
广东顺德太昌客车空调有限公司,广东顺德太昌客车空调有限公司,空调
广州中科中涣商贸有限公司,广州中科中涣商贸有限公司,Z140061 珠海公交点单用 上门安检仪、显控模块、通讯转换模块
广州互捷消防设备有限公司,广州互捷消防设备有限公司,Z130013 灭火器
广州华途信息科技有限公司,广州华途信息科技有限公司,Z140053 车载导盲系统
广州和锡钢铁有限公司,广州和锡钢铁有限公司,Z140051 镀锌卷板
广州和音声光科技有限公司,广州和音声光科技有限公司,车载影音系统
广州喜途汽车零部件有限公司,广州喜途汽车零部件有限公司,PVC地板、地板革
广州导远电子科技有限公司,广州导远电子科技有限公司,Z140057 高精度组合惯导INS5700
广州市大本营贸易有限公司,广州市大本营贸易有限公司,Z120053 油漆
广州市天毅科贸有限公司,广州市天毅科贸有限公司,Z220010 新能源实验室
广州市奇成模具有限公司,广州市奇成模具有限公司,Z220009 设备类
广州市彪马汽车配件有限公司,广州市彪马汽车配件有限公司,Z150004 管路及辅件、胶管、卡箍直通
广州市德佳汽车轮胎发展有限公司,广州市德佳汽车轮胎发展有限公司,Z120055 轮胎总成
广州市新骏威有限公司,广州市新骏威有限公司,Z150044 进口胶
广州市柏思创业贸易有限公司,广州市柏思创业贸易有限公司,Z130022 地板革
广州市泉江影音器材有限公司,广州市泉江影音器材有限公司,车载电视、语言播放
广州市物建实业有限公司,广州市物建实业有限公司,LED灯压条
广州市石联汽配有限公司,广州市石联汽配有限公司,Z150050 胶管、卡箍、绝缘减震垫
广州市穗宁汽车配件有限公司,广州市穗宁汽车配件有限公司,Z130044 直拉杆等售后配件
广州市金德宝汽车用品有限公司,广州市金德宝汽车用品有限公司,Z150103 捷联车用日本先锋扬声器
广州市铂高太阳能科技有限公司,广州市铂高太阳能科技有限公司,Z230023 全自动过滤清洗器
广州昊福机电有限公司,广州昊福机电有限公司,Z230022 总装、焊装、制件工具
广州沁凌汽车技术科技有限公司,广州沁凌汽车技术科技有限公司,ATS、自动转换开关电器
广州瑞立科密汽车电子股份有限公司,广州瑞立科密汽车电子股份有限公司,Z120018 ABS系统
广州番禺雪源汽车空调制造厂,广州番禺雪源汽车空调制造厂,Z120054 空调
广州盛吉五金制品有限公司,广州盛吉五金制品有限公司,家具、五金
广州祥声译通汽车部件有限公司,广州祥声译通汽车部件有限公司,Z150064 继电器
广州科景贸易有限公司,广州科景贸易有限公司,Z150014 气弹簧
广州科景贸易有限公司(原科璟）,广州科景贸易有限公司(原科璟）,Z150054 气弹簧
广州精益汽车空调有限公司,广州精益汽车空调有限公司,Z120042 空调
广州聚融电子科技有限公司,广州聚融电子科技有限公司,Z110003 售后用电子路牌
广州艾联机电设备有限公司,广州艾联机电设备有限公司,英格索兰空气压缩机、空气压缩机
广州连华环保科技有限公司,广州连华环保科技有限公司,Z230035 COD试剂、氨氮试剂
广州通达汽车电气股份有限公司,广州通达汽车电气股份有限公司,Z120024 ATS、录像系统、路牌、易燃挥发物探测系统
广州集泰化工股份有限公司,广州集泰化工股份有限公司,Z150043 胶类
广州骏粤汽车配件有限公司,广州骏粤汽车配件有限公司,Z140045
广州魅力师电子科技有限公司,广州魅力师电子科技有限公司,Z150113
康迪泰克（中国）橡塑技术有限公司,康迪泰克（中国）橡塑技术有限公司,Z150072 气囊
开平市春山汽车座椅有限公司,开平市春山汽车座椅有限公司,Z130005 公交车乘客座椅
张家港市华天电子科技有限公司,张家港市华天电子科技有限公司,内饰附件
张家港市富星汽车配件有限公司,张家港市富星汽车配件有限公司,门板、考斯特右舵门板
张家港市文丰汽摩配件厂,张家港市文丰汽摩配件厂,Z150080 汽车折叠座椅
徐州市淮海消防器材有限公司,徐州市淮海消防器材有限公司,灭火器
微宏动力系统（湖州）有限公司,微宏动力系统（湖州）有限公司,动力电池系统
德纳（北京）电机有限公司,德纳（北京）电机有限公司,Z120037 电机、电控、整车控制器
惠州亿纬锂能股份有限公司,惠州亿纬锂能股份有限公司,Z120036 动力电池
惠州市声浪音响有限公司,惠州市声浪音响有限公司,Z150034 车厢照明灯等
惠州市惠阳区耐顺尼龙制品有限公司,惠州市惠阳区耐顺尼龙制品有限公司,Z150049 扎带
惠州市泰佳成玻璃钢制品有限公司,惠州市泰佳成玻璃钢制品有限公司,玻璃钢
意昂神州（北京）科技有限公司,意昂神州（北京）科技有限公司,Z220014 新能源实验室
成都极米科技股份有限公司/坚果(北京)科技有限公司,成都极米科技股份有限公司/坚果(北京)科技有限公司,影音系统、音响系统、点歌机系统
扬中市长征汽车部件有限公司,扬中市长征汽车部件有限公司,Z150028 棉类
扬州东升汽车零部件股份有限公司,扬州东升汽车零部件股份有限公司,空气悬架系统、稳定杆、扭杆
扬州亚星客车股份有限公司,扬州亚星客车股份有限公司,Z120096 底盘
扬州市健豪汽配有限公司,扬州市健豪汽配有限公司,Z150019 左六连杆铰链
扬州市奥特瑞汽车电子科技有限公司,扬州市奥特瑞汽车电子科技有限公司,Z130047 智能排水系统
扬州市昊星汽车零部件有限公司,扬州市昊星汽车零部件有限公司,Z150065 气弹簧
扬州市润义电气有限公司,扬州市润义电气有限公司,水泵
扬州市邗江扬子汽车内饰件有限公司,扬州市邗江扬子汽车内饰件有限公司,Z140007 仪表台
扬州市银源汽车配件有限公司,扬州市银源汽车配件有限公司,Z140010 舱门
扬州毅升汽车部件有限公司,扬州毅升汽车部件有限公司,Z150013 气弹簧
扬州皓月机械有限公司,扬州皓月机械有限公司,备胎升降机构
扬州科恩汽车配件有限公司,扬州科恩汽车配件有限公司,Z150012 铝塑板
扬州聚鼎涂装科技有限公司,扬州聚鼎涂装科技有限公司,Z210032 强冷室
按图供货物料，按合格供方清单执行,按图供货物料，按合格供方清单执行,多供应商物料
捷联车身工程有限公司,捷联车身工程有限公司,Z120064 三类底盘
擎先智能科技(上海）有限公司,擎先智能科技(上海）有限公司,Z140036 中控屏、DVR
新南风加热制冷（沧州）有限公司,新南风加热制冷（沧州）有限公司,Z130018 除霜器
方盛车桥(柳州)有限公司,方盛车桥(柳州)有限公司,Z120006 桥总成
无锡八一塑料有限公司,无锡八一塑料有限公司,Z130007 地板革
无锡市亚光特种车窗有限公司,无锡市亚光特种车窗有限公司,玻璃
无锡市宏宇汽车配件制造有限公司,无锡市宏宇汽车配件制造有限公司,Z140028 扶手
无锡池通荣丰汽车材料有限公司,无锡池通荣丰汽车材料有限公司,地板革、珠海公交点单供应商
无锡苏南异型钢管有限公司,无锡苏南异型钢管有限公司,Z150106 无缝钢管
无锡鑫华泰汽车配件厂,无锡鑫华泰汽车配件厂,Z150079 车轮装饰罩
易兰普汽车内饰件（北京）有限公司,易兰普汽车内饰件（北京）有限公司,风道
易码科技（北京）有限公司,易码科技（北京）有限公司,Z150048 合格证
曲阜天博汽车电器有限公司,曲阜天博汽车电器有限公司,Z150040 高低音喇叭
杭州图软科技有限公司,杭州图软科技有限公司,Z140032 车载IC卡机
杭州康达工具有限公司,杭州康达工具有限公司,Z150001 随车工具
杭州海康威视数字技术股份有限公司,杭州海康威视数字技术股份有限公司,Z120050 车道偏离（ADAS）
杭州祥和实业有限公司,杭州祥和实业有限公司,Z120079 车用空调
杭州雷利新能源科技有限公司,杭州雷利新能源科技有限公司,Z150101 电子水泵
杭州鸿泉物联网技术股份有限公司,杭州鸿泉物联网技术股份有限公司,Z120047 新能源车载终端
横琴濠港汽车配件有限公司,横琴濠港汽车配件有限公司,Z130033 暖风系统雷奥代理
欧科佳（上海）汽车电子设备有限公司,欧科佳（上海）汽车电子设备有限公司,Z120082 组合仪表
正兴集团合肥车轮有限公司,正兴集团合肥车轮有限公司,Z120065 钢圈
武汉合康智能电气有限公司,武汉合康智能电气有限公司,充电机、充电弓
武汉星王汽车电器有限责任公司,武汉星王汽车电器有限责任公司,Z140014 整车线束
武汉松芝车用空调有限公司,武汉松芝车用空调有限公司,空调
武汉标迪电子科技有限公司,武汉标迪电子科技有限公司,Z150112 熔断器
武汉楚域现代客车内饰件有限公司,武汉楚域现代客车内饰件有限公司,Z140008 挤塑
武汉理工大学汽车工程学院,武汉理工大学汽车工程学院,Z130035
武汉蓝台创达科技有限责任公司,武汉蓝台创达科技有限责任公司,工具箱
汉纳森(厦门)数据股份有限公司,汉纳森(厦门)数据股份有限公司,Z120041 CAN总线
江苏中远消防设备有限公司,江苏中远消防设备有限公司,Z120048 电池舱灭火装置
江苏亚宝车业有限公司,江苏亚宝车业有限公司,Z140035 风道、仪表台
江苏亚楠电子科技有限公司,江苏亚楠电子科技有限公司,Z140029 电器箱、多功能箱
江苏先昌电能部件有限公司,江苏先昌电能部件有限公司,Z140027 扶手护栏
江苏光明环境设备有限公司,江苏光明环境设备有限公司,Z220001 升降台
江苏天泽智联信息技术有限公司,江苏天泽智联信息技术有限公司,新能源车载终端
江苏弗莱迪斯汽车系统有限公司,江苏弗莱迪斯汽车系统有限公司,Z140011 舱门
江苏志云新材料股份有限公司,江苏志云新材料股份有限公司,破玻器
江苏惠民交通设备有限公司,江苏惠民交通设备有限公司,乘客门
江苏文光车辆附件有限公司,江苏文光车辆附件有限公司,Z130016 灯具
江苏柏锐斯特车业有限公司,江苏柏锐斯特车业有限公司,地板检修盖、风道
江苏格尔顿传动有限公司,江苏格尔顿传动有限公司,Z120090 传动轴
江苏正明车辆科技有限公司,江苏正明车辆科技有限公司,Z130038 司机包围、乘客座椅、风道、扶手、护栏、吊环、防寒套
江苏洪昌科技股份有限公司,江苏洪昌科技股份有限公司,Z130049 捷联车用前雾灯
江苏珀然股份有限公司,江苏珀然股份有限公司,Z120066 铝钢圈
江苏畅通车业发展有限公司,江苏畅通车业发展有限公司,安全天窗
江苏银劦电子科技有限公司,江苏银劦电子科技有限公司,Z140017 倒车监视、显示屏（原张家港市三五科技有限公司）
江苏默德汽车科技有限公司,江苏默德汽车科技有限公司,膨胀水箱、转向油罐、转向管柱
江苏龙蟠科技股份有限公司,江苏龙蟠科技股份有限公司,Z150047 防冻液、传动油
江西力好新能源科技股份有限公司,江西力好新能源科技股份有限公司,"Z120095 驱动电机 未签订供应商手册,禁止下达任何采购订单,仅限赠品创建产品追溯二维码"
江门市兴江转向器有限公司,江门市兴江转向器有限公司,Z120009 方向机
江门市域峰化工科技有限公司,江门市域峰化工科技有限公司,Z230032 PAM阴阳离子
江门市大丰皮革有限公司,江门市大丰皮革有限公司,Z150055 皮革
江门市广润轨道交通实业有限公司,江门市广润轨道交通实业有限公司,Z150016 机加件、安全门、电器箱
江门市森联达贸易有限公司,江门市森联达贸易有限公司,Z120083 环氧底漆、中涂漆、色漆、清漆及配套固化剂和稀释剂
江门荣胜机电有限公司,江门荣胜机电有限公司,Z230011 空气滤芯、冷却液
河北三丰橡塑制品有限公司,河北三丰橡塑制品有限公司,橡胶制品、高低压油管、硅胶管制品
河北优控新能源科技有限公司,河北优控新能源科技有限公司,Z220011 新能源实验室
河北实达密封件集团有限公司,河北实达密封件集团有限公司,Z150081 胶条
河北拓达车门有限公司,河北拓达车门有限公司,Z150071
河南省创鑫汽车电器科技有限公司,河南省创鑫汽车电器科技有限公司,配电盒
泉州市恒星五金橡塑有限公司,泉州市恒星五金橡塑有限公司,Z140034 挤塑件
泉州恒昌电器有限公司,泉州恒昌电器有限公司,Z130043 气喇叭
法雷奥商用车热系统（苏州）有限公司,法雷奥商用车热系统（苏州）有限公司,空调
泰安润通机械有限公司,泰安润通机械有限公司,汽车散热器
泰州市华发新型建材厂,泰州市华发新型建材厂,Z150017 铝型材
泰科电子（上海）有限公司,泰科电子（上海）有限公司,传感器、连接器
浙江万安科技股份有限公司,浙江万安科技股份有限公司,Z130036 手制动阀等
浙江三叶机械有限公司,浙江三叶机械有限公司,气管接头、卡套式管接头
浙江三花板换科技有限公司,浙江三花板换科技有限公司,动力电池系统
浙江国创热管理科技有限公司,浙江国创热管理科技有限公司,热管理机组、加热、热机
浙江宏鑫科技有限公司,浙江宏鑫科技有限公司,Z120097 铝轮圈
浙江屹华汽车零部件有限公司,浙江屹华汽车零部件有限公司,商标、标识、标贴
浙江梵隆汽车部件有限公司,浙江梵隆汽车部件有限公司,Z130048 方向盘
浙江科力车辆控制系统有限公司,浙江科力车辆控制系统有限公司,Z140039 水泵
浙江群鑫车灯有限公司,浙江群鑫车灯有限公司,Z130015 灯具
浙江通达塑业有限公司,浙江通达塑业有限公司,Z130050 PVC地板革、PVC板材
浙江雷力汽车零部件有限公司,浙江雷力汽车零部件有限公司,Z150070
浙江鼎奕科技发展有限公司,浙江鼎奕科技发展有限公司,Z120052 自动紧急制动
海川新能（深圳）科技有限公司,海川新能（深圳）科技有限公司,Z150089 熔断器
海拉贸易（上海）有限公司,海拉贸易（上海）有限公司,Z130031 阳光雨水传感器\电喇叭
海盐县海管管件制造有限公司,海盐县海管管件制造有限公司,Z150005 管路及辅件、接头
淮安市凯达汽车配件有限公司,淮安市凯达汽车配件有限公司,Z150035 门外旋转开关
深圳中秦电子有限公司,深圳中秦电子有限公司,显示器、播放器、监视器、电源控制盒
深圳华大北斗科技有限公司,深圳华大北斗科技有限公司,车载通讯、车载定位
深圳威泰科智能科技有限公司,深圳威泰科智能科技有限公司,LCD液晶屏、显示屏、车载屏幕
深圳市三能机电设备有限公司,深圳市三能机电设备有限公司,Z230025 总装、焊装、制件工具
深圳市中兴物联科技有限公司,深圳市中兴物联科技有限公司,Z120046 新能源车载终端
深圳市依思普林科技有限公司,深圳市依思普林科技有限公司,驱动电机控制器、驱动电机、MSD接线盒
深圳市凯格钜锡科技有限公司,深圳市凯格钜锡科技有限公司,Z140021 倒车监视
深圳市华伟厨房设备有限公司,深圳市华伟厨房设备有限公司,Z220013 厨房设备及安装服务项目
深圳市华胜迅科技有限公司,深圳市华胜迅科技有限公司,语音系统、八国语音系统、珠海公交点单供应商
深圳市博澳能源技术开发有限公司,深圳市博澳能源技术开发有限公司,Z120078 固态动力电池系统
深圳市坪兴汽车配件有限公司,深圳市坪兴汽车配件有限公司,Z150102 正兴钢圈铝轮
深圳市夏斯顿科技有限公司,深圳市夏斯顿科技有限公司,Z120057 打气泵
深圳市夺标环保技术有限公司,深圳市夺标环保技术有限公司,Z130023 蓄电池
深圳市奥凯普科技有限公司,深圳市奥凯普科技有限公司,Z140037 倒车监控
深圳市宇巍玻璃钢科技有限公司,深圳市宇巍玻璃钢科技有限公司,Z130042 车身内外饰玻璃钢产品及内置骨架
深圳市安友环保清洗剂有限公司,深圳市安友环保清洗剂有限公司,Z150084 环保清洗剂
深圳市宝创钢具有限公司,深圳市宝创钢具有限公司,Z140060 大众车防暴网、铝花板加工（高宝点单供应商）
深圳市宝安宝路汽配有限公司,深圳市宝安宝路汽配有限公司,ATS
深圳市昊岳科技有限公司,深圳市昊岳科技有限公司,传感器、轮胎压力监测系统
深圳市汇元自动控制技术有限公司,深圳市汇元自动控制技术有限公司,Z120058 打气泵
深圳市汇博精密电子有限公司,深圳市汇博精密电子有限公司,充电座
深圳市沃尔电气销售有限公司,深圳市沃尔电气销售有限公司,Z130051 快换充电座（售后用）
深圳市海梁科技有限公司,深圳市海梁科技有限公司,乘客门
深圳市爱庞德新能源科技有限公司,深圳市爱庞德新能源科技有限公司,Z150091 电视机电源转换器
深圳市知行智驱技术有限公司,深圳市知行智驱技术有限公司,电动转向油泵
深圳市科泰新能源车用空调技术有限公司,深圳市科泰新能源车用空调技术有限公司,空调、客车空调
深圳市纳华瑞科技有限公司,深圳市纳华瑞科技有限公司,Z120059 电池舱灭火装置
深圳市英威腾电动汽车驱动技术有限公司,深圳市英威腾电动汽车驱动技术有限公司,Z120072
深圳市蓝海华腾技术股份有限公司,深圳市蓝海华腾技术股份有限公司,Z120040 四合一控制器
深圳市西部公共汽车有限公司,深圳市西部公共汽车有限公司,Z150069
深圳市触想智能股份有限公司,深圳市触想智能股份有限公司,LCD液晶屏、显示屏、车载屏幕
深圳市速腾创聚科技有限公司,深圳市速腾创聚科技有限公司,激光雷达
深圳市金思成科技有限公司,深圳市金思成科技有限公司,Z120098 DC/DC (售后用）
深圳市锐明技术股份有限公司,深圳市锐明技术股份有限公司,ADAS、录像监控、调度、智能预警
深圳市雄帝科技股份有限公司,深圳市雄帝科技股份有限公司,Z140020 车载IC卡机
深圳市鼎盛皇科技发展有限公司,深圳市鼎盛皇科技发展有限公司,Z140054 整车内饰
深圳才库数据技术有限公司,深圳才库数据技术有限公司,倒车雷达、盲区探测、360环视
深圳熙斯特新能源技术有限公司,深圳熙斯特新能源技术有限公司,Z120091 五合一控制器
深圳盛龙消防新技术有限公司,深圳盛龙消防新技术有限公司,Z120056 电池舱灭火装置
深圳蓝泰源信息技术股份有限公司,深圳蓝泰源信息技术股份有限公司,智能公交设备
深圳陆巡科技有限公司,深圳陆巡科技有限公司,车载DC/DC变换器、车载充电机OBC、多合一集成控制器
深圳龙友科技股份有限公司,深圳龙友科技股份有限公司,Z130029 充电插座
清河县永兴实业有限公司,清河县永兴实业有限公司,Z150031 胶条
温州华弘汽车锁系统有限公司,温州华弘汽车锁系统有限公司,Z150009 锁具
温州市汽车附件二厂,温州市汽车附件二厂,Z150115 电子钟
湖北东实汽车零部件有限公司,湖北东实汽车零部件有限公司,Z120086 前后桥
湖北创奇汽车零部件有限公司,湖北创奇汽车零部件有限公司,电子油门踏板
湖北奥赛瑞汽车电器有限公司,湖北奥赛瑞汽车电器有限公司,Z120080 电动空压机
湖北峻博科汽车技术服务有限公司,湖北峻博科汽车技术服务有限公司,代理WABCO制动阀类
湖北海亿轮胎销售有限公司,湖北海亿轮胎销售有限公司,轮胎
湖南三路兴安电子科技有限公司,湖南三路兴安电子科技有限公司,Z140031 手自动一体破玻器
湖南兴橡龙科技发展有限公司,湖南兴橡龙科技发展有限公司,进气波纹管
湖南晟成汽车零部件有限公司,湖南晟成汽车零部件有限公司,Z120077 驾驶室防护隔离装置
湖南汤普悦斯压缩机科技有限公司,湖南汤普悦斯压缩机科技有限公司,动力电池系统
湖南鸿腾新能源技术有限公司,湖南鸿腾新能源技术有限公司,灭火器、电池箱灭火器
漳州亚太汽车附件有限公司,漳州亚太汽车附件有限公司,仪表台
漳州市昌龙汽车附件有限公司,漳州市昌龙汽车附件有限公司,Z120008 车架总成、五大片
漳州新福达底盘有限公司,漳州新福达底盘有限公司,Z120001 三类底盘
漳州虹程窗帘有限公司,漳州虹程窗帘有限公司,Z150077 窗帘
漳州鑫展旺化工有限公司,漳州鑫展旺化工有限公司,Z120084 环氧底漆、中涂漆、色漆、清漆及配套固化剂和稀释剂
漳州鑫美达汽车零部件有限公司,漳州鑫美达汽车零部件有限公司,Z140013 整车线束
烟台创为新能源科技有限公司,烟台创为新能源科技有限公司,电池箱灭火器
烟台新瑞达聚氨酯有限公司,烟台新瑞达聚氨酯有限公司,Z150053 发泡阻尼胶
爱威机电（南京）有限公司,爱威机电（南京）有限公司,Z120028 塞拉门
珠海上水消防科技有限公司,珠海上水消防科技有限公司,Z230028 火灾自动报警远程监控器
珠海凯立邦科技有限公司,珠海凯立邦科技有限公司,Z150045 螺纹紧固胶
珠海凯邦电机制造有限公司,珠海凯邦电机制造有限公司,Z120092 驱动电机
珠海别特科技有限公司,珠海别特科技有限公司,车内广告屏、双面屏、电视广告机、信息通讯与声像
珠海力粤金属制品有限公司,珠海力粤金属制品有限公司,Z140046
珠海华实科技有限公司,珠海华实科技有限公司,加工件
珠海华尚汽车玻璃工业有限公司,珠海华尚汽车玻璃工业有限公司,Z120029 玻璃
珠海大林湾工业气体有限公司,珠海大林湾工业气体有限公司,Z150052 气体
珠海大象磨料磨具有限公司,珠海大象磨料磨具有限公司,Z230016 切割机片
珠海宏高复合材料有限公司,珠海宏高复合材料有限公司,Z140012 玻璃钢
珠海富淇研磨材料有限公司,珠海富淇研磨材料有限公司,Z230001 油漆辅料、耗材、零购、工具
珠海尚标紧固件有限公司,珠海尚标紧固件有限公司,Z150023 紧固件
珠海工品汇工业器材有限公司,珠海工品汇工业器材有限公司,Z230031 法兰蝶闸阀门
珠海市万鑫达机电有限公司,珠海市万鑫达机电有限公司,Z230030 电箱及电缆
珠海市万顺泰恒节能科技有限公司,珠海市万顺泰恒节能科技有限公司,隔热膜、膜
珠海市中瑞热处理科技有限公司,珠海市中瑞热处理科技有限公司,Z150088 加工件电泳
珠海市丰益货架有限公司,珠海市丰益货架有限公司,Z140052 货架，管材
珠海市众帮机电设备有限公司,珠海市众帮机电设备有限公司,Z230004 耗材、零购、工具
珠海市信可达商贸有限公司,珠海市信可达商贸有限公司,Z220015 新能源实验室
珠海市信耀汽车玻璃有限公司,珠海市信耀汽车玻璃有限公司,玻璃
珠海市劲力顺五金机电有限公司,珠海市劲力顺五金机电有限公司,Z230012 皮带
珠海市南屏粤强机械厂,珠海市南屏粤强机械厂,Z150059 机加工
珠海市吉莲品匠广告设计部,珠海市吉莲品匠广告设计部,Z150026 标识
珠海市城堡电源设备有限公司,珠海市城堡电源设备有限公司,Z130021 蓄电池
珠海市大兴钢材有限公司,珠海市大兴钢材有限公司,Z150018 钢材
珠海市天天向上广告有限公司,珠海市天天向上广告有限公司,Z230017 万能贴纸、转移膜
珠海市威旗防腐科技股份有限公司,珠海市威旗防腐科技股份有限公司,Z150075 底漆、稀释剂等
珠海市恒信汽车零配件有限公司,珠海市恒信汽车零配件有限公司,Z150087 三角木等
珠海市新朝锋有限公司,珠海市新朝锋有限公司,Z230007 耗材、零购、工具
珠海市新进宝建筑材料有限公司,珠海市新进宝建筑材料有限公司,Z150121 高宝车点单用，不锈钢扶手
珠海市椿田机械科技有限公司,珠海市椿田机械科技有限公司,不锈钢车架
珠海市永昌隆五金机电有限公司,珠海市永昌隆五金机电有限公司,Z230003 耗材、零购、工具
珠海市汇盈达电子有限公司,珠海市汇盈达电子有限公司,Z120075 充电插座总成
珠海市派特尔科技股份有限公司,珠海市派特尔科技股份有限公司,气管路
珠海市粤强五金制品有限公司,珠海市粤强五金制品有限公司,Z230006 耗材、零购、工具（原威迪）
珠海市联特机电设备有限公司,珠海市联特机电设备有限公司,Z230002 耗材、零购、工具
珠海市舟管家游艇服务有限公司,珠海市舟管家游艇服务有限公司,座椅
珠海市荔湾五金机电有限公司,珠海市荔湾五金机电有限公司,Z230009 耗材、零购、工具
珠海市裕洲环保科技有限公司,珠海市裕洲环保科技有限公司,Z230033 硫酸、聚合氯化铝
珠海市视觉空间建材家具有限公司,珠海市视觉空间建材家具有限公司,内饰件、装饰件
珠海市通源机电设备有限公司,珠海市通源机电设备有限公司,加工件
珠海市邓氏蓄电池有限公司,珠海市邓氏蓄电池有限公司,Z130020 蓄电池
珠海市金湾区三灶镇汇博广告装饰店,珠海市金湾区三灶镇汇博广告装饰店,Z230029 材料费
珠海市陆顺商贸有限公司,珠海市陆顺商贸有限公司,Z150066 原子灰
珠海市韦田自动华设备有限公司,珠海市韦田自动华设备有限公司,Z150117 电磁阀（广客U8老供方）
珠海市顺泰包装材料有限公司,珠海市顺泰包装材料有限公司,Z230010 油漆辅料、特殊美纹纸
珠海市香洲区南屏镇隆顺威钢材批发中心,珠海市香洲区南屏镇隆顺威钢材批发中心,Z230013 天蓝油漆、铝板
珠海广通铝业有限公司,珠海广通铝业有限公司,铝车身
珠海极速环保技术有限公司,珠海极速环保技术有限公司,Z230034 氢氧化钠
珠海柯普克机械设备有限公司,珠海柯普克机械设备有限公司,Z120076 空压机
珠海森态建筑装饰有限公司,珠海森态建筑装饰有限公司,内饰件、装饰件
珠海生力源工程机械有限公司,珠海生力源工程机械有限公司,Z230008 耗材、零购、工具
珠海经济特区洪兴标准件有限公司,珠海经济特区洪兴标准件有限公司,Z150022 紧固件
珠海联科焊接设备有限公司,珠海联科焊接设备有限公司,Z230005 耗材、零购、工具
珠海辰创贸易有限公司,珠海辰创贸易有限公司,Z130052 除霜器
珠海邦瑞发展有限公司,珠海邦瑞发展有限公司,Z150074 密封胶等
珠海骏驰科技有限公司,珠海骏驰科技有限公司,倒车雷达
珠海高卓家具有限公司,珠海高卓家具有限公司,柜、展示柜、展览柜
瑞安市亚星汽车配件有限公司,瑞安市亚星汽车配件有限公司,雨刮器、 雨刮电机
瑞安市宇天汽车部件有限公司,瑞安市宇天汽车部件有限公司,Z140003 自动排水
瑞安市杰能汽车部件有限公司,瑞安市杰能汽车部件有限公司,Z150093 安全门小门锁、电器箱门锁、乘客门锁(原中特力)
瑞安市永瑞汽车附件股份有限公司,瑞安市永瑞汽车附件股份有限公司,汽车覆盖件、汽车附件
瑞田汽车压缩机（苏州）有限公司,瑞田汽车压缩机（苏州）有限公司,Z120089 空压机（仅限售后件采购）
瑞立集团瑞安汽车零部件有限公司,瑞立集团瑞安汽车零部件有限公司,Z120016 转向泵、转向器
盈锋紧固系统(无锡)有限公司,盈锋紧固系统(无锡)有限公司,Z150024 铆钉、内梅花螺栓、自锁螺栓、凸缘螺栓
盾安汽车热管理科技有限公司,盾安汽车热管理科技有限公司,Z120074 热管理系统
石家庄市均益电子有限公司,石家庄市均益电子有限公司,Z120045 配电盒
福建帕特汽车零部件有限公司,福建帕特汽车零部件有限公司,Z140005 公路车发泡风道、吸塑
福建新福达汽车工业有限公司,福建新福达汽车工业有限公司,Z120068 底盘
福建省鑫橡龙橡塑制品有限公司,福建省鑫橡龙橡塑制品有限公司,Z150099 耐油胶管
精进电动科技股份有限公司,精进电动科技股份有限公司,Z120038 电机
红波按钮制造有限公司,红波按钮制造有限公司,按钮开关、蜂鸣器、信号灯
维嘉汽车装饰精品（深圳）有限公司,维嘉汽车装饰精品（深圳）有限公司,Z130024 乘客座椅
罗格朗智能电气（惠州）有限公司,罗格朗智能电气（惠州）有限公司,插座、开关插座
耐力股份有限公司,耐力股份有限公司,Z120012 打气泵
芜湖联诺电器有限公司,芜湖联诺电器有限公司,Z150098 气压传感器Z8103
苏州中得汽车零部件有限公司,苏州中得汽车零部件有限公司,Z120023 ATS
苏州多思达连接技术有限公司,苏州多思达连接技术有限公司,Z130034 充电插座
苏州奥杰汽车工业有限公司,苏州奥杰汽车工业有限公司,铝车身部件、铝车身侧围、铝顶盖骨架
苏州朗高电机有限公司,苏州朗高电机有限公司,驱动电机
苏州汇川联合动力系统有限公司,苏州汇川联合动力系统有限公司,四合一控制器、多合一控制器
苏州畅佳电子科技有限公司,苏州畅佳电子科技有限公司,Z120088 水泵总成
苏州绿控传动科技股份有限公司,苏州绿控传动科技股份有限公司,电机、整车控制器、电机控制器、多合一控制器
苏州迈力电器有限公司,苏州迈力电器有限公司,逆变器
苏州鼎格汽车服务有限公司,苏州鼎格汽车服务有限公司,Z120062 电池舱灭火装置
茵卡动力系统（上海）有限公司,茵卡动力系统（上海）有限公司,司机座椅
西安伊思灵华泰汽车座椅有限公司,西安伊思灵华泰汽车座椅有限公司,Z120032 司机座椅
诸暨市华贝润滑机械有限公司,诸暨市华贝润滑机械有限公司,Z140062 珠海公交点单 集中润滑
象山恒峰汽车零部件有限公司,象山恒峰汽车零部件有限公司,Z150003 膨胀水箱
象山越菱三翔汽车部件有限公司,象山越菱三翔汽车部件有限公司,Z140049 集中润滑
车工房有限公司,车工房有限公司,高宝自带件
郑州司麦欧电子技术有限公司,郑州司麦欧电子技术有限公司,Z140044 紧急断电开关、启动盒等
郑州天迈科技股份有限公司,郑州天迈科技股份有限公司,Z120049 录像系统、车道偏离（ADAS）、行车记录仪
郑州奥特科技有限公司,郑州奥特科技有限公司,Z140001 集中润滑
郑州智驱科技有限公司,郑州智驱科技有限公司,Z120005 桥总成、悬架系统
郑州森鹏电子技术有限公司,郑州森鹏电子技术有限公司,Z120044 配电盒
郑州汇荣科技有限公司,郑州汇荣科技有限公司,Z150092 气囊、U型粱
郑州爱因特电子科技有限公司,郑州爱因特电子科技有限公司,Z150038 倒车蜂鸣器、磁接近开关
郑州精益达汽车零部件有限公司,郑州精益达汽车零部件有限公司,座椅
郑州精通汽车零部件有限公司,郑州精通汽车零部件有限公司,胎压传感器、胎压接收器、胎压显示器
郑州赛川电子科技有限公司,郑州赛川电子科技有限公司,高压线束接插件
郑州鑫聚融电子产品有限公司,郑州鑫聚融电子产品有限公司,智能车载设备
郑州鹏飞电器有限公司,郑州鹏飞电器有限公司,电器盒，配电箱
采埃孚传动技术（苏州）有限公司,采埃孚传动技术（苏州）有限公司,Z120007 桥总成
重庆升业汽车零部件有限公司,重庆升业汽车零部件有限公司,Z120033 司机座椅
金寨县金诚竹业有限公司,金寨县金诚竹业有限公司,Z150011 竹胶板
金尚互联（珠海）智能科技有限公司,金尚互联（珠海）智能科技有限公司,口罩机
金湖县微晶控制系统有限公司,金湖县微晶控制系统有限公司,电动外摆门控制系统
金湖县恒瑞机电制造有限公司,金湖县恒瑞机电制造有限公司,Z130040 乘客门
金湖县戈尔客车门系统有限公司,金湖县戈尔客车门系统有限公司,Z120026 内摆门、外摆门
金湖县通达客车门业有限公司,金湖县通达客车门业有限公司,车门
金湾区好家德机电商行,金湾区好家德机电商行,Z230024 材料费
鑫前（上海）实业有限责任公司,鑫前（上海）实业有限责任公司,Z150100 电机悬置软垫
鑫磊压缩机股份有限公司,鑫磊压缩机股份有限公司,Z120013 打气泵
镇江长江汽车内饰件有限公司,镇江长江汽车内饰件有限公司,Z150010 PVC板、铝塑板、隔热棉、棉类
青岛欧勃亚汽车配件有限公司,青岛欧勃亚汽车配件有限公司,汽车配件
青岛海信网络科技股份有限公司,青岛海信网络科技股份有限公司,Z140025 ZPS、调度
青岛润士通节能油剂有限公司,青岛润士通节能油剂有限公司,Z150096 欧V五柴油机专用油（柴油）
靖江市恒力底盘部件制造有限公司,靖江市恒力底盘部件制造有限公司,点火开关、组合开关总成
靖江市恒星汽车零部件有限公司,靖江市恒星汽车零部件有限公司,Z130046 储气罐
靖江惠众汽车零部件有限公司,靖江惠众汽车零部件有限公司,Z150002 膨胀水箱
风帆有限责任公司,风帆有限责任公司,蓄电池
香港实力多集团有限公司/江门市宏力后视镜实业有限公司,香港实力多集团有限公司/江门市宏力后视镜实业有限公司,后视镜
骆驼集团股份有限公司,骆驼集团股份有限公司,蓄电池、珠海公交点单供应商
骏派科技有限公司,骏派科技有限公司,视听系统
高德科科技(北京)有限公司,高德科科技(北京)有限公司,Z220016 汽车检测线及其配套售后件
高登新能源车辆科技（常州）有限公司,高登新能源车辆科技（常州）有限公司,Z120061 ATS、地板革
鸿康明五金旗舰店（天猫）,鸿康明五金旗舰店（天猫）,网点
鹤壁市亚华电器有限公司,鹤壁市亚华电器有限公司,Z150036 12路保险盒
鹤山市威诗柏胶粘制品有限公司,鹤山市威诗柏胶粘制品有限公司,Z230019 转移膜
龙海市九龙座椅有限公司,龙海市九龙座椅有限公司,Z120031 公交车乘客座椅、司机座椅
