文档编号,修订版,属性,修正值
DOC-0002570,0,Title,P-13-0158-2021 GTZ6917BEVBF 辅助四合一集成控制器技术补充协议
DOC-0002066,0,Title,OPH2020111622FSC   项目验收单-车联网监控平台验收用章申请
PO_2022080401,0,Title,韩国订单GTZ6917BEVBF的变更
PO_2021030401,0,Title,TP2021030442090-深巴样车配置变更
P-TM-24-0018-2024,0,Title, 6116BEVCF-R003
P-06-0065-2024,0,Title,6129BEVBF6-P067
P-TM-05-0023-2023,3,Title,关于焊装部分作业指导书升版的技术通知 
P-TM-05-0023-2023,4,Title,关于焊装部分作业指导书升版的技术通知 
P-TM-05-0011-2023 ,0,Title,P-TM-05-0011-2023 
P-TM-05-0023-2023,0,Title,关于焊装部分作业指导书升版的技术通知 
P-TM-05-0023-2023,2,Title,关于焊装部分作业指导书升版的技术通知 
P-TM-05-0023-2023,1,Title,关于焊装部分作业指导书升版的技术通知 
P-05-0155-2023,0,Title,"6129BEVBF8-P022/	6119BEVBF1-P021"
P-TM-05-0010-2023 ,0,Title,P-TM-05-0010-2023 
P-06-0001-2023,0,Title,6119BEVBF1-N054、6859BEVBF3-N053
P-24-0131-2022,0,Title,6121E6CF-S2N033
P-06-0295-2022,0,Title,P-06-0295-2022 关于6119BEVBF-N003高压线束及充电系统变更的通知单  
P-TM-06-0062-2021,0,Title,6899BEVB-S1M037
P-24-0077-2021,0,Title,6605BEVB1-M018整车图纸和BOM的发放通知 
DOC-0000701,0,Title,P-TC-13-0101-2020 熙斯特五合一集成控制器技术协议
P-TC-13-0105-2020,0,Title,P-TC-13-0105-2020 熙斯特自动驾驶多合一集成控制器技术协议
DOC-0000693,0,Title,泰国认证清单表
DOC-0000702,0,Title,P-TC-13-0104-2020 GTZ6655BEVB车型 宁德电池系统技术协议
DOC-0000705,0,Title,P-TC-13-0105-2020 熙斯特自动驾驶多合一集成控制器技术协议、
PO_2020031801,0,Title,10.5米纯电公交_惠南公交投标书-20200318
PO_2019122601,0,Title,TP2019122574533-捷联020新款车型，002-007号车配置评审
PO_2019101701,0,Title,TP2019101538760-关于珠海公交50台GT6127EVB公交车型配置变更审批
DOC-0002570,0,Name,P-13-0158-2021 GTZ6917BEVBF 辅助四合一集成控制器技术补充协议
DOC-0002066,0,Name,OPH2020111622FSC   项目验收单-车联网监控平台验收用章申请
PO_2022080401,0,Name,韩国订单GTZ6917BEVBF的变更
PO_2021030401,0,Name,TP2021030442090-深巴样车配置变更
P-TM-24-0018-2024,0,Name, 6116BEVCF-R003
P-06-0065-2024,0,Name,6129BEVBF6-P067
P-TM-05-0023-2023,3,Name,关于焊装部分作业指导书升版的技术通知 
P-TM-05-0023-2023,4,Name,关于焊装部分作业指导书升版的技术通知 
P-TM-05-0011-2023 ,0,Name,P-TM-05-0011-2023 
P-TM-05-0023-2023,0,Name,关于焊装部分作业指导书升版的技术通知 
P-TM-05-0023-2023,2,Name,关于焊装部分作业指导书升版的技术通知 
P-TM-05-0023-2023,1,Name,关于焊装部分作业指导书升版的技术通知 
P-05-0155-2023,0,Name,"6129BEVBF8-P022/	6119BEVBF1-P021"
P-TM-05-0010-2023 ,0,Name,P-TM-05-0010-2023 
P-06-0001-2023,0,Name,6119BEVBF1-N054、6859BEVBF3-N053
P-24-0131-2022,0,Name,6121E6CF-S2N033
P-06-0295-2022,0,Name,P-06-0295-2022 关于6119BEVBF-N003高压线束及充电系统变更的通知单  
P-TM-06-0062-2021,0,Name,6899BEVB-S1M037
P-24-0077-2021,0,Name,6605BEVB1-M018整车图纸和BOM的发放通知 
DOC-0000701,0,Name,P-TC-13-0101-2020 熙斯特五合一集成控制器技术协议
P-TC-13-0105-2020,0,Name,P-TC-13-0105-2020 熙斯特自动驾驶多合一集成控制器技术协议
DOC-0000693,0,Name,泰国认证清单表
DOC-0000702,0,Name,P-TC-13-0104-2020 GTZ6655BEVB车型 宁德电池系统技术协议
DOC-0000705,0,Name,P-TC-13-0105-2020 熙斯特自动驾驶多合一集成控制器技术协议、
PO_2020031801,0,Name,10.5米纯电公交_惠南公交投标书-20200318
PO_2019122601,0,Name,TP2019122574533-捷联020新款车型，002-007号车配置评审
PO_2019101701,0,Name,TP2019101538760-关于珠海公交50台GT6127EVB公交车型配置变更审批
PO_2022080401,0,Creator,刘玉碧
PO_2021030401,0,Creator,刘玉碧
P-TM-06-0062-2021,0,Creator,董绪
P-24-0131-2022,0,Creator,付宗霞
P-06-0065-2024,0,Creator,马湛彭
P-06-0001-2023,0,Creator,李尚飞
P-05-0155-2023,0,Creator,黄长和
PO_2020031801,0,Creator,刘玉碧
PO_2019122601,0,Creator,刘玉碧
PO_2019101701,0,Creator,刘玉碧
DOC-0000693,0,Creator,刘玉碧
PO_2019012104,0,Description,"左舵车, 车型外形与捷联外观一样，无认证要求
配置2：座位数量：65+1+1, 左侧（12排*3座位），右侧（12排*2座位），后排*5座位"
PO_2020042001,0,Description,"罗马尼亚25台配置变更评审，简要如下：

1、乘客座椅
  变更前：公交专用轻质座椅不带扶手，至少4个优先座，优先座带可上下调节扶手，带优先座标识
  变更后：软包公交座椅，不带扶手；至少4个优先座位，优先座椅带可调节扶手；均符合欧标
2、乘客门
  变更前：前、中、后双内摆气动乘客门，带防夹功能；前乘客门司机可打开前一扇或同时打开两扇门
  变更后：前、中、后双内摆气动乘客门，带防夹功能；前乘客门司机可打开前一扇或同时打开两扇门；乘客门内（靠近乘客门扶手处）、外按标准安装6个乘客上下车按钮
3、空调
 变更前：斯飞乐，冷暖空调，制冷量≥28000kcal/h；司机小空调，带欧盟证书
 变更后：斯飞乐，冷暖空调，制冷量≥28000kcal/h；司机小空调由客户提供，型号：Eberspaecher Cooltronic 1400 G2.5 Hatch；预留安装位置；均带欧盟证书
4、除霜器
 变更前：待定
 变更后：有，高压除霜
5、录像监控系统
 变更前：预留线束，代理当地安装
 变更后：预留8个摄像头线束，代理当地安装
6、投币机
 变更前：预留安装位及穿线孔
 变更后：取消安装位及穿线孔 
以上变更产生的费用由公司承担，详细请查收附件并批示，谢谢"
PO_2019092901,0,Description,"各位同事领导，关于捷联配置有如下变更
1、JL020新款车(生产编号GTBN-1808001):乘客座椅按捷联提供的配置下单采购，生产厂家为维嘉，与JL010车型乘客座椅操用方式一样。
2、JL020新款车易兰普整体式风道行李架总成：易兰普整体式风道行李总成要求MOQ为20台套。
3、GTB-1905829m：原配置“学童车/51座，2+2布置，”更正为“非学童车/51座，2+2布置”"
PO_2019010901,0,Description,"中东5台合同及配置已发起teamshare评审
配置待确定如下：
长×宽×高（mm）：12450×2500×3180（含空调）
前悬/轴距/后悬（mm）：2540/6400/3510   
油箱/气瓶容积（L）：≥300 （具体设计确定）
变速箱：ZF自动变速箱 
路牌：路牌颜色待定
暖风系统：待定（由认证原因待定）
乘客座椅：颜色待客户选
冷却系：水箱横置或侧置
附件已按评审要求修改，请相关部门尽快确认配置待确认项，谢谢"
PO_2019100901,0,Description,"澳门E项目合同及配置评审，简要如下： 
 数量：1台（GTZ6101BEVM）
 交期：双方在2019年10月15日前签订合同及确认配置且賣方收到合同总金額75%的預付款，车辆于2019年12月20日前達到交車狀態（不含周日和法定節假日）
 付款：下訂後五個工作日內買方電彙75%的預付款，餘款25%作為品質保證金，自發車之日起算兩年内一次性付清.
售后：车身材料和工艺缺陷质保期自发货日1年或10万公里，以先到为准；买方负责当地的售后服务工作,卖方根据买方需求协助采购售后配件。
交货地点：横琴口岸
详细请查收附件，请批示，谢谢
注：
1、因涉及广通出口资质问题，客户已申请澳门当地认证信息，此台车需在12月底前交车。
2、该合同除了型号、付款方式及交货时间不同，其他内容与澳门A项目合同一致。
3、该配置表“红色字体”是在澳门A项目样车配置的基础上作了修改调整。"
PO_2019010801,0,Description,"各位领导
        捷联761号车，客户要求将原司机卷帘改为装挡板，请批示，谢谢！"
PO_2019012101,0,Description,"改项目为2018/上半年项目重新启动
左舵车, 车型外形与捷联外观一样，无认证要求
座位数量：39+1+1"
PO_2019012103,0,Description,"左舵车, 车型外形与捷联外观一样，无认证要求
配置1：座位数量：53+1+1, 左侧（12排*2座位），右侧（12排*2座位），后排*5座位"
PO_2019030701,0,Description,"各位领导，同事
      捷联757、815、816号车配置变更，请批示，谢谢。"
PO_2019030702,0,Description,"各位领导，同事：
        捷联757、815、816号车配置变更，请批示，谢谢"
Biaoshu_2020042001,0,Description,"按参考罗马尼亚(25台）_GTZ6129BEVBF1应标。
应标客户：保加利亚(14台）
营销经理：李森建
详见附件。"
PO_2019012301,0,Description,"配置可行性评审
评审发起人：市场部于光辉"
PO_2019012102,0,Description,"非洲X国项目的配置评审-GTZ6100E4 (座位数量：43+1+1 无厕所)
左舵车, 车型外形与捷联外观一样，无认证要求
座位数量：43+1+1, 左侧（10排*2座位），右侧（9排*2座位），后排*5座位"
PO_2018120301,0,Description, 鹏宇3台车喷漆事宜，客户提供喷漆方案，我司按客户要求及工艺喷漆，计划本周三送车到我司，请领导批示
PO_2019012201,0,Description," 各位领导
       捷联816号车配置评审，客户要求在2019.3.10日前交车，请批示，谢谢"
PO_2019012901,0,Description,"各位领导
      捷联配置变更如下：
      1、758号车：后风挡由玻璃改为玻璃钢件，增加费用由客户承担。
      2、尾制动灯、尾转向灯、尾倒车灯，今后由“捷联提供广通安装”改为“广通采购安装，物料费用客户承担（包括已下单的746 756 757 758 797 802 804 806 812 815 816号车）。
备注：以上信息来源市场部发起的Teamshare."
PO_2021022501,0,Description,"珠海公交100台批次车辆技术变更申请 
针对我司正在交付的100台批次车辆，客户反馈了使用过程中的一些问题，需做如下技术变更：

1）投币机位置：乘客手机扫码时手容易碰到车门，另外由于光线、角度等因素，很难扫到码；需要调整投币机方向及位置；
2）油门及刹车踏板：司机需要大角度抬起脚掌才能操作，时间长了脚部容易疲劳；建议踏板前移，或者增加脚垫；
3）刷卡机声音：刷卡及扫码时提示音太小，在嘈杂的环境中司机听不到；需提高音量；
4）后门监控图像：后门关闭后仪表台显示屏图像即被切换，司机看不到后门的情况；建议关门后继续显示后门监控图像；"
PO_2018122702,0,Description," 各位领导
       捷联806号车配置评审，请批示，谢谢"
PO_2018122801,0,Description,"各位领导
       应客户要求，将合同2台车辆（整车型号GTZ6959BEVB，整车编号 HWHK95-001DY、HWHK95-002DY， VIN:L66BBF5G2H1GT0224、L66BBF5G4H1GT0225）换装新款电机，双方分工如下：
     设计
广客：完成电机更换涉及到的车辆设计更改。
信达：提供新电机及相应物料的规格参数和图纸。
物料提供
广客：提供新电机安装结构更改所需要的物料，例如：钢材。
信达：提供新电机及配套的线束、DCDC等物料并运输到甲方工厂。
拆装和车身改制服务
广客：电机及相应系统拆装，及车身改制。
信达：从甲方工厂回收处理拆下来的旧电机。
调试及责任
广客：提供场地和充电源等协助。
信达：整车系统调试，并对系统的性能和售后服务负责。"
PO_2018113001,0,Description,"加纳的合同及配置已于11月27日会议评审，评审后待确认事项如下：

       1、交货期问题---产品中心确认

            捷联6120车型+新款内饰，多少天可以交货？

            捷联6120车型+旧款内饰，多少天可以交货？

       2、融资问题

       其它已按会议讨论要求修改，并增加合规条款，请各位领导批示，谢谢"
PO_2019010301,0,Description,"各位领导

        鹏宇1台车喷漆事宜，客户提供喷漆方案及负责粘贴车身喷漆需要的纸箱纸，我司按方案和色板要求的颜色喷漆，请领导批示，谢谢！"
PO_2018121201,0,Description,"2018年香港信达12台电车补充合同1 （合同编号 IF-ZG2017042201-3-1）于11月1日已评审，12月11日收到销售发来的客户盖章确认“补充合同1”，经与评审时的核对，有两处改动如下：
        附件一的车型参数：
        PMSM电机：评审时为“TZ368XSHY1，客户盖章后为""TZ225DXSHY2"";
         座椅：客户盖章后增加了”前后可调“
      请技术确认，客户更改了电机型号对整车结构是否有影响？"
PO_2019012202,0,Description,"各位领导
TP2019012270541-GH30台合同及配置评审
 GH30台合同及配置评审,请批示，谢谢！
备注：以上信息来源于市场部。"
PO_2018122501,0,Description,"各位领导同事，欧标8.5米车德电客户提出以下要求，请：
1、产品中心：评估技术可行性及设计周期
2、采购部：评估物料到货时间及原车型积压物料
3、制造中心：评估生产、调试周期
(备注：以上信息来之市场部发起的订单评审中的内容）"
PO_2018122701,0,Description," 各位领导
          捷联804号车配置变更，中間出風口過渡板由原来包深啡色起絨布改为紫色起絨布，无费用增加，请批示，谢谢"
PO_2018120602,0,Description,"各位领导

         北汽福田14台车，因设计生产问题，导致返工后仪表台下方地板革起鼓。经与客户协议，同意让步接收，但要求司机区加铺灰色地毯遮盖，所生产费用由我司承，请批示，谢谢

        注：该批车于12月2日前已交车完毕，现接到销售配置变更单，补走审批流程"
PO_2018120603,0,Description,"各位领导
        北汽福田14台车合同评审时整车型号为：阿联酋BJ6129，合同签订后整车型号为：阿联酋BJ6122。
        因该批车辆交期紧张，客户内部合同评审周期较长，且客户发了生产承若函，为确保按时交车，公司领导同意在合同签订前以销售与客户确认的配置，先下发PO生效通知单提前准备生产预制件，期间因为客户将发动机的排放标准从欧三升级为欧四，导致合同签订的整车型号与合同评审及下发的生产通知单整车型号不一致，该批车除型号变更，配置不变，请知悉。
 注：补走审批流程"
PO_2019081201,0,Description,"接销售通知，海外8.5米（GTZ6859BEVG）低入口纯电动公交配置涉及50项变更，原交车日期为：6月30日前，变更后交车日期为：10月31日，详细请查收附件，请批示，谢谢
备注：配置变更见附件"
PO_2019021902,0,Description," 各位领导
        接销售通知，将G客户配置改为与R客户一样，交货期仍为120天，合同金额按配置相应调整（包括预付款、融资金额），其它条款不变，配请批示，谢谢！
        注：配置修改部分见附件“红色字体"
PO_2019021905,0,Description,"各位领导
        AE客户的合同及配置经双方沟通后，配置表作了修改（配置修改部分见附件“红色字体”），交货期仍为180天（含认证），请批示，谢谢！
       注：合同客户已盖章（按评审要求），待配置二次评审通过后一起盖我司公章"
PO_2019021904,0,Description,"各位领导
        接销售通知，将G客户配置改为与R客户一样，交货期仍为120天，合同金额按配置相应调整（包括预付款、融资金额），其它条款不变，配请批示，谢谢！
        注：配置修改部分见附件“红色字体"
PO_2019030501,0,Description,"各位领导
       澳门A项目租车协议及配置评审，根据可行性评审结论，客户5月1日要开始运行，最晚4月25日要把样车运过去，请批示，谢谢."
PO_2019030601,0,Description,"中东8.9米旅游车样车配置评审 
附件共计两份：1份我司8.9米旅游车样车配置表，另一份文件为参考车型配置表"
PO_2019031905,0,Description,"各位领导，同事：
捷联804 818配置变更评审
一：
804M号车：原配置无监控系统，现增加安装监控系统，增加费用由客户承担
二：
818M号车：
1、车厢侧窗帘，由“灰色”改为“蓝色”。无费用增加
2、中间出风口过渡板包“深啡色”起绒布改为“紫色”起绒布。无费用增加"
PO_2019032601,0,Description,"各位领导
        接销售通知，AE客户侧窗原计划采用浅绿玻璃，考虑到市场车型都采用深灰玻璃，且绿色玻璃从整体上不够美观，建议将侧窗玻璃更换为深灰色，增加成本由公司承担，请领导批示，谢谢"
PO_2019031904,0,Description,"捷联795号车配置评审
学童车-底盘 ISUZE LT434C-6S-VI-AT 欧6 （11.9米长)"
PO_2019022701,0,Description,"各位领导
捷联 758、802号车原配置无监控系统，现客户要求增加安装监控系统，增加的费用由客户承担，请批示，谢谢"
PO_2019032602,0,Description,"各位领导
关于2台库存车的合同评审，GTZ6112BEV5交车时间：2019年4月15日前；GTZ6810BEV1交车时间：2019年4月10日前，配置以实车为准，交车前及交车后需对车辆进行整改，详见附件“车辆整改项目及珠海两台样车情况说明”，请批示，谢谢"
PO_2019032801,0,Description,"各位领导
捷联812号车，原配置无监控系统，现增加安装监控系统，增加费用由客户承担，请批示，谢谢"
PO_2019031401,0,Description,"各位领导
      757M号车：乘客椅由原来的“65座（3+2）”改为“66座（3+2）”，型号由原来“学童车”改为“非学童车”；捷联指定座椅供应商，广通代购，增加费用由捷联承担。请领导批示，谢谢"
PO_2021022401,0,Description,"应客户要求，香港金莎旅运GTZ6128BEVCF  样车充电插座配置变更如下：
充电座 
变更前：欧标，直流单充，位于右后侧  
变更后：国标，直流双充，左右后侧各一个"
PO_2019032901,0,Description,"各位领导
       捷联812M号车：应捷联要求提前交车，生产周期不够，捷联同意车辆达到下线状态（无需检测调试）发车，视同达到合同要求交付标准，无后继异常费用产生。"
PO_2019022502,0,Description," 各位领导
       捷联817号车配置评审，请批示，谢谢"
PO_2019022702,0,Description,"各位领导
捷联20台的合同及总配置评审，请批示，谢谢"
PO_2019022501,0,Description,"各位领导
       捷联818号车配置评审，请批示，谢谢"
PO_2019022503,0,Description,"各位领导
        鹏宇5台车喷漆事宜，客户提供喷漆方案
1.底盘号（WDAXF4A66JN763199）方舱车打磨、底漆、面漆、光漆。漆面颜色与该车油箱盖颜色一样。  
2. 底盘号（LJXBHDJD6JT093859、LJXBHDJD5JT094338、LJXBHDJD5JT094341  LB1WG3E11J8051582）4台按外观效果图进行车身蓝色漆喷漆（整车车身不需要喷漆）。颜色具体要求另行沟通。
     详细请查收附件， 请批示，谢谢"
PO_2019031501,0,Description,"各位领导,同事
鹏宇7台车喷紫色漆事宜，客户提供喷漆方案，我司包工包料，详细请查收附件并批示，谢谢"
PO_2019040201,0,Description,"各位领导，同事:
    捷联823号车配置评审-学童车-底盘 ISUZU LT434C-6S-VI-C-AT 欧6 ,请输入评审意见及BOM下发的时间，谢谢。"
PO_2019031901,0,Description,"各位领导，同事：
捷联821、822号车配置评审
非学童车-底盘 VOLVO B11R  欧6"
PO_2019031902,0,Description,"各位领导，同事：
   
      捷联821、822号车配置评审
      非学童车-底盘 VOLVO B11R  欧6
      谢谢。"
PO_2019031903,0,Description,"各位领导，同事：
捷联810号车配置评审
学童车-底盘 VOLVO B8R 欧6（11.9米长）
谢谢。"
PO_2019041101,0,Description,"各位领导，同事：
应客户要求，SZ项目拟如下变更，造成成本增加建议公司承担：
1、因客户要求，轮辋由正兴变更为珀然，采购渠道见《指定采购零部件明细表》
2、因绿控原供应商不提供ATS，ATS由绿控自带变更为通达
3、因客户要求，地板革由无锡八一变更为佑望，发泡板、防火棉采用佑望，采购渠道见《指定采购零部件明细表》
4、根据标书及客户澄清会议要求，电池箱灭火装置由北京世纪联保变更为中汽客
5、因客户要求，电池由自然冷却变更为水冷
6、客户澄清风道要求为带广告灯箱的风道，取消车内长条灯
7、客户澄清电子后视镜须带带存储功能，可存储7天以上
8、客户标书中要求随车工具为4200元/台，超出标书中预算3000元/台，建议按客户要求的工具清单提供
请各位审批并输入评审意见，谢谢。"
PO_2019041501,0,Description,"各位领导，同事：
     捷联821、822号车配置变更评审，详细见附件，
     请输入此变更单下发的周期，谢谢。"
PO_2019051002,0,Description,"GTZ6891E4CF AE客户 合同及配置评审
GTZ6891E4SF  AE客户 合同及配置评审"
PO_2019051601,0,Description," 各位领导
         接技术邬工通知，因GTZ6118BEVC纯电动公路经过详细设计后，车型的技术参数和配置有调整，配置见附件，谢谢。"
PO_2019050702,0,Description,"各位领导

         JL020新款样车（生产编号GTBN-1808001）底盘与JL010旧款车（生产编号GTB-1904826M）底盘对调，车身配置不变，由于香港柴油车欧6排放将进入C阶段，因样车生产还需要一定周期，故更换C阶段排放的底盘提前使用。此两款底盘的品牌、型号、规划相同，只是排放有异。

       费用：因此变更导致的异常生产费用由捷联承担。

       工期：因此变更导致的两台车生产工期，广通评审后与捷联协商确定。

       GTBN-1808001底盘VIN:JALLT434MK7000003

       GTB-1904826M底盘VIN:JALLT434MJ7000038

       请批示，谢谢"
PO_2019042601,0,Description,"SZ项目电池灭火装置的变更申请
目前了解到南京金龙为世纪联保灭火器+创为探测器，经采购与宁德时代沟通，宁德时代同意此方案可以出货。世纪联保为标书中指定厂家之一，建议按此状态采购、生产，请公司领导批示。"
PO_2019042602,0,Description,"TP2019042614893-捷联746、795、826号车配置变更评审，请批示，谢谢
详见附件：
746M号车配置变更如下：
1、原配置无监控系统，现增加安装监控系统，增加费用由客户承担。
2、改装水殼鏡，由捷联提供。原标配外后视镜随车带给捷联。无费用增加。
795M号车配置变更如下：
1、原配置无监控系统，现增加安装监控系统，增加费用由客户承担。
2、改装水殼鏡，由捷联提供。原标配外后视镜随车带给捷联。无费用增加。
826M号车配置变更如下：
1、原配置风道带行李架，现改为风道不带行李架，合同价格相应调整。
2、改装水殼鏡，由捷联提供。原标配外后视镜随车带给捷联。无费用增加。"
PO_2019041502,0,Description,"位领导

         JL020新款样车（生产编号GTBN-1808001）底盘与JL010旧款车（生产编号GTB-1904826M）底盘对调，车身配置不变，由于香港柴油车欧6排放将进入C阶段，因样车生产还需要一定周期，故更换C阶段排放的底盘提前使用。此两款底盘的品牌、型号、规划相同，只是排放有异。

       费用：因此变更导致的异常生产费用由捷联承担。

       工期：因此变更导致的两台车生产工期，广通评审后与捷联协商确定。

       GTBN-1808001底盘VIN:JALLT434MK7000003

       GTB-1904826M底盘VIN:JALLT434MJ7000038

       请批示，谢谢"
PO_2019042203,0,Description,"TP2019042291365-捷联824号车配置评审
捷联824号车配置评审-学童车-底盘-SCANIA K320IB4X2NB ZF 欧6，请批示，谢谢"
PO_2019050703,0,Description,"各位领导

         JL020新款样车（生产编号GTBN-1808001）底盘与JL010旧款车（生产编号GTB-1904826M）底盘对调，车身配置不变，由于香港柴油车欧6排放将进入C阶段，因样车生产还需要一定周期，故更换C阶段排放的底盘提前使用。此两款底盘的品牌、型号、规划相同，只是排放有异。

       费用：因此变更导致的异常生产费用由捷联承担。

       工期：因此变更导致的两台车生产工期，广通评审后与捷联协商确定。

       GTBN-1808001底盘VIN:JALLT434MK7000003

       GTB-1904826M底盘VIN:JALLT434MJ7000038

       请批示，谢谢"
P-13-0039-2021,0,Description,"关于GTZ6555BEVB的车路协同自动驾驶汽车项目
技术协议"
PO_2019052201,0,Description,"TP2019052214100-信达合同补充5（IF-ZG17031601-2-5）评审
双方以平等、友好协商，在双方原《电动巴士采购合同》（合同编号：IF-ZG2017031601-2）的基础上达成此补充合同，补充内容及整改清单简要如下：
 1、取掉车轮螺帽装饰盖
 2、车上灭火筒架改尺寸以适合装现有灭火筒
 3、每两立柱间吊环扶手增加一个
        请批示，谢谢"
PO_2019060401,0,Description,"TP2019060471256-捷联817号车配置变更评审
后风挡由玻璃改为玻璃钢件，增加费用客户承担。"
PO_2019061402,0,Description,"TP2019061416868-捷联825号车用旧护栏的变更评审
由于捷联更换护栏供应商的原因，在消耗完旧护栏库存后将使用新护栏，已由关务提供旧护栏库存数量，销售提供在线生产车辆清单，技术核实已下发的BOM表的车辆使用护栏型号，技术确认从825号车开始使用新护栏。现销售提出：
捷联从825号车开始采购使用新款护栏（广州骏粤汽车配件有限公司生产提供）和810号车使用旧护栏（东莞瑞昌停车场设备有限公司）互换，
原因：825号开用新款护栏，物料采购周期与交付时间不匹配，存在交付风险。"
PO_2019061403,0,Description,"TP2019061416946-捷联830号车配置评审
见附件，谢谢。"
PO_2019052301,0,Description,"各位领导
澳门B项目合同及配置评审，简要如下：  
数量：1台
交期：收到合同金额30%的预付款，整车配置确认后60个工作日达到交车状态（不含周日和法定节假日）
付款：下订后五个工作日内买方电汇30%的预付款，余款70%在出车前7个工作日电汇至卖方指定账户。
售后：三电系统（电池、电机、电控、整车控制器），自发车之日起质保期为五年。
交货地点：横琴口岸
详细请查收附件，请批示，谢谢"
PO_2019052202,0,Description,"TP2019052214100-信达合同补充5（IF-ZG17031601-2-5）评审
双方以平等、友好协商，在双方原《电动巴士采购合同》（合同编号：IF-ZG2017031601-2）的基础上达成此补充合同，补充内容及整改清单简要如下：
 1、取掉车轮螺帽装饰盖
 2、车上灭火筒架改尺寸以适合装现有灭火筒
 3、每两立柱间吊环扶手增加一个
        请批示，谢谢"
PO_2019060301,0,Description,"各位领导
捷联825号车配置评审，请批示，谢谢."
PO_2019071802,0,Description,"各位领导
GH的TC客户50台GTZ6120E3CF项目评审，简要如下：
 数量：50台（GTZ6120E3CF）
 交期：收到预付款和不可撤撤消即期信用证之日起90天交货。允许分批，允许转运。
 付款：合同签订之日起15日以电汇方式预付15%合同总额,85%的余款自签订此合同15个工作日内开出不可撤撤消即期信用证。 
 售后：1、服务标准按《产品说明书》和《保修手册》的规定执行。产品质保期按照双方签订的《ZONSON智能汽车公司汽车产品保修》. 2、提供整车配件清单及易损件清单 3、在正常使用和日常维护的前提下，质保期内因设计失误或零部件质量问题造成的的零部件损坏由我司免费提供，客户自行更换、维护。 4、自带件、自行安装件引起的直接或间接质量问题由客户自行承担。
    目的港：Tema port of Ghana
    保险：海运保险客户承担
    详细请查收附件，请领导批示，谢谢"
PO_2019072501,0,Description,"各位领导同事：
广州项目要求3.4米公路车，需求及意向配置如下，首批9-10台预计8月20日签订合同发布PO，要求10月20日车辆交付，请各位评估是否满足，谢谢！"
PO_2019062101,0,Description,"TP2019062146814-关于西部公交技术协议与售后服务协议的评审
各位领导同事，附件是西部公交30台订单的技术协议与售后服务协议，请会签、审批，谢谢"
DOC-0001905,0,Description,"关于GTZ6555BEVB的车路协同自动驾驶汽车项目
技术协议的用章申请"
PO_2019062602,0,Description,"GTZ6107BEVB样车配置变更评审（车编号：100004B）
 1、辅助多合一系统：更改前：汇川辅助多合一IEVD162-54Z8.6BL-ZXGT-01，更改后：松正辅助多合一AZF443-540X-ZXXL01；
变更原因：为了降成本和丰富产品配置，现需要在GTZ6107BEVB纯电动公交样车做临时方案，更换松正四合一，测试和验证产品性能，松正免费提供样件测试，使公司产品性价比更优。测试完成后，需要复原。
2、助力泵系统：更改前：全兴精工EHPS-1518R3/40，更改后：松正双源助力泵AOT004-600NWD-N1；
变更原因：为了降成本和丰富产品配置，现需要在GTZ6107BEVB纯电动公交样车做临时方案，更换松正助力泵，测试和验证产品性能，松正免费提供样件测试，使公司产品性价比更优。测试完成后，需要复原"
PO_2019071901,0,Description,"TP2019071870212-海外8.5米（GTZ6859BEVG）低入口纯电动公交配置变更评审
各位领导
接销售通知，海外8.5米（GTZ6859BEVG）低入口纯电动公交配置涉及50项变更，原交车日期为：6月30日前，变更后交车日期为：10月31日，详细请查收附件，请批示，谢谢"
PO_2019062701,0,Description,"捷联821  822  825号车配置变更如下：
1、GTB-1902821m、GTB-1903822m VOLVO B11R型号底盘，原配置无防追撞系统，现增加安装，物料捷联提供，安装方法及注意事项由捷联和厂家，到我厂现场指导确认。后续订单，捷联JL10（VOLVO B11R型号底盘）全部加装防追撞系统。如产生额外工时费用由客户承担。
2、GTB-1904825m 应捷联要求,该车不喷面漆，已采购到厂的面漆（除清漆外全部随车发回香港）。合同价格据变更差价，相应调整"
PO_2019062601,0,Description,"GTZ6859BEVB2样车配置作以下变更：
 1、驱动电机：更改前：绿控TZ370XS-LKM2102；更改后：松正TZ390XSE54-180
变更原因：为了降成本和丰富产品配置，现需要在GTZ6859BEVB2纯电动公交样车做临时方案，更换为松正的发卡电机，测试和验证产品性能，松正免费提供样件测试，使公司产品性价比更优。测试完成后，样车状态会进行复原。
2、电机控制器和辅助多合一集成控制器：更改前：绿控电机控制器KTZ54X45S-LKC2102，蓝海华腾四合一控制器V6-H-4D5.5G-ZXZN11；更改后：松正五合一控制器KTZ54X35SFSS-300
变更原因：为了降成本和丰富产品配置，现需要在GTZ6859BEVB2纯电动公交样车做临时方案，更换为松正的五合一控制器，测试和验证产品性能，松正免费提供样件测试，使公司产品性价比更优。测试完成后，样车状态会进行复原。
3、整车控制器：更改前：绿控EVCU-V11-A；更改后：松正VEN085-024
变更原因：为了降成本和丰富产品配置，现需要在GTZ6859BEVB2纯电动公交样车做临时方案，更换为松正的整车控制器，测试和验证产品性能，松正免费提供样件测试，使公司产品性价比更优。测试完成后，样车状态会进行复原。

          详细请查阅附件，请批示，谢谢"
PO_2019080201,0,Description,"各位领导
       澳门A项目合同及配置评审，简要如下：  
    数量：1台（GTZ6101BEVCF）（我司目前生产的样车/车号：HWM010-0002T）
    交期：收到合同金額30%的預付款，10個工作日達到交車狀態（不含周日和法定節假日）
    付款：下訂後五個工作日內買方電彙30%的預付款，余款根据同澳门中国旅行社股份有限公司租赁期限每3个月续租一次的方案对我司分季度支付相应金额的货款,直至付清尾款。
    售后：车身材料和工艺缺陷质保期自发货日1年或10万公里，以先到为准；买方负责当地的售后服务工作,卖方根据买方需求协助采购售后配件。
    交货地点：横琴口岸"
PO_2019080601,0,Description,"各位领导      
云南项目配置评审，客户要求无空调状态，乘客座椅用九龙D2座椅， 请批示，谢谢

备注：配置见附件。"
PO_2019070201,0,Description,"各位领导
应客户要求增加车辆后方品牌辨识度，车辆尾部增加英文字符“Granton”于左下方位置（详见附件图片），字体及大小采用与右下方的车型编码对称协调一致，期望完成时间为7月5号，请批示，谢谢"
PO_2019082901,0,Description,"各位领导
      捷联中通底盘的第2台8米样车，生产编号为GTBMB-1906024 ，待样车生产完工后的最终配置定价格，确定价格后再与客户签订合同，请领导批示，谢谢"
PO_2019083001,0,Description,"珠海公交配置变更如下：
1、配置使用广阔/粤强的机加件，为达到降本目的使用佛山三诚供应的机加件。
2、10.5米配置由“华尚玻璃”改为使用“奔迅玻璃”，维护年度价格的执行与落地。
3、10.5米及12米配置原“通达铝合金风道”变更为“宏达源产品”。
4、10.5米及12米配置使用“精益达座椅”（珠海恒信代理）。
 详细请查收附件并批示，谢谢"
PO_2019090201,0,Description,"TP2019083060168-清能澳大利亚12米燃电公路车项目意向订单配置评审
现海外营销与客户对接后，输出了一版客户配置需求。现申请导入产品做配置评审"
PO_2019090401,0,Description,"澳门A项目配置变更，应客户要求，车尾需喷绘”零排放ZERO Emission“字样及澳门塔图案，要求本周四（9月5日）下班前完成，详细请查收附件，请各位领导批示，谢谢 
注：”零排放”需用繁体字"
PO_2019091201,0,Description,"各位领导

     遵循0911珠海公交配置沟通会议纪要，产品中心输出配置答复，经市场部审核，国内营销与珠海公交领导沟通确认答复方案，配置答复如附件所示，9月11日下午接营销潘总消息：已确认珠海公交接受我司关于配置的答复方案，现发起配置变更评审， 详细请查收附件并批示，谢谢

注：原配置中“集中润滑”已采用奥特及“铝合金风道”已采用宏达源，无需变更"
PO_2019101704,0,Description,"澳门E项目配置变更如下：
1、取消整车电子路牌（预留线束，客户自行安装）。
2、新增半幅不锈钢轮辋装饰罩。
3、整车两点式安全带改为“伸缩式安全带”。
以上变更所产生的费用，请销售明确是由客户承担还是公司承担？
详细请查收附件，请批示，谢谢"
PO_2019101501,0,Description,"12米燃电公交车配置评审（基于2019/10/15的会议达成的共识，发起第二次评审），评审资料见附件。
注：
 1.爬坡度本周营销同客户确认后答复。
 2. 油漆下周内营销同客户确认后答复"
PO_2019101701,0,Description,"1.摄像头					
变更前：车内摄像头未监控车内显示屏					
变更后：50台GT6127BEVB 公交车型新增摄像头监控车内显示屏，我司预留接口及线束，并配合通达完成工作。					
备注：公交技术要求，因政府监督车内公益广告屏内容发布而新增需求，公司仅配合，不增加配置成本"
PO_2019101201,0,Description,"中通底盘的两台样车配置变更：
1、风道由原覆莱茵白面料改为深灰色PVC皮（注:与JL10M车同色），出风口装饰罩颜色：飞驰黄色。
2、左右侧窗下墙板，深灰色PVC皮+ABS（注：与JL10M车同色）；其余侧内饰板窗下沿、窗立柱盖板（注：与JL10M车同色）颜色：飞驰黄色。
不增加费用。"
PO_2019102201,0,Description,"现海外营销与科特迪瓦客户对接后，输出：
1.49+1+1（座椅背后带LCD屏，有厕所）
2. 65+1+1（座椅不带屏，无厕所）"
PO_2019101801,0,Description,"各位领导、同事：
现海外营销与欧洲客户对接后，输出：
1.  12米优化版电动公交车产品标准配置表
2.  12米优化版电动公交车顾客要求确认表
现申请做这款产品的意向订单配置评审。
谢谢"
PO_2019103001,0,Description,"TP2019102377492-现海外营销与欧洲客户对接后，输出7系造型
一、作废2019/1024发起的评审，请以2019/10/30提供的配置为准，重新输入评审意见。
二、附件包含：
1.产品标准配置表-9米纯电动公交车
2.顾客要求确认表-9米纯电动公交车"
PO_2019102401,0,Description,"现海外营销与欧洲客户对接后，输出：
1.  10.9米纯电动旅游巴士配置表
2.  10.9米纯电动顾客需求配置表
3.另附参考图片
现申请做这款产品的意向订单配置评审."
PO_2019102402,0,Description,"现海外营销与欧洲客户对接后，输出(7系或9系造型)：
1.产品标准配置表-9米纯电动公交车
2.顾客要求确认表-9米纯电动公交车
现申请做这款产品的意向订单配置评审(销售人员：黄笑雨)"
PO_2019102202,0,Description,"各位领导同事，关于捷联GTBMB-1906023、GTBMB-1906024的配置有如下变更
1、 原配置表：前组合灯由捷联指定型号，广通采购。厂家：Groupstar ，近光灯连日行灯，型号：LHL0090J、1对；远光灯连位置灯，型号：LHL0090Y、2件；前雾灯，型号：LHL0090F、2件；厂家：CATA，组合前                           灯，型号:C90-FDI/FPL/DRLф90mm LED、2件；
      变更为：跟原8.8米车一样，五十铃底盘自带前组合灯（由捷联提供）+SK30日间行车灯（由广通采购，厂家丹阳中远）。
      原配置表：尾组合灯，型号: CATA C95-S/T/DI、2对 ， C95-F/RE、1对; 
      变更为：跟原来8.8米车一样，型号：依维柯都灵V后尾灯、厂家：丹阳东港、后组合灯
                    合同价格根据变更差价，相应调整。
2、原配置表：风道，带橙色光纤灯

     变更为：带绿色光纤灯。"
PO_2019111801,0,Description,"关于珠海公交20台定制公交变更轮胎、轮辋及胎压监测的审批
因客户监控轮胎ID要求，20台定制公交轮胎品牌变更为韩泰，同时变更轮辋与胎压监测系统，更换下来的轮胎作为历史车辆磨损轮胎补偿。
1、此三项变更要求供应商为：广州富宏商贸有限公司 张浩13925028218
2、车辆完成上牌后再做相应变更
3、车辆交付日期按原计划进行"
PO_2019110601,0,Description,"捷联JL020新款车（生产编号GTBN-1808001）：
1、乘客座椅由原来53座，2+2布置   更改为：厂家维嘉/51座，2+2。
2、窗下横包层柱采用帕特L651款，颜色：黑色。
3、易兰普整体式风道行李架总成要求MOQ为20台套，20台套风道行李架按以下状态来货，   1台  长11.9米 左13，右12排，51座位，用于首台样车安装； 
4台  长11.9米 13排65座位；
15台 长12米 14排70座位。
如因捷联原因变更配置状态，导致物料库存，则由捷联采购回厂或直接承担广通相应的采购费用作为补偿。"
PO_2019103101,0,Description,"TP2019103114798-澳门E项目配置变更评审
1、铭牌
变更前：简体中文铭牌
变更后：英文铭牌
2、外后视镜
变更前：上海申视右短左长杆式外后视镜（需确保司机位通过外后视镜视线好无死角。）
变更后：电动调节带电加热功能
详细请查收附件并批示，谢谢"
Biaoshu_20191108,0,Description,"一、此标书对应的我司平台车型为：GTZ6112BEV6
二、附件共计：2份
2.1标书原件；
2.2任务表：
2.1标书响应状态及偏离状态表
2.2投标公交车主要总成配置及材料选用一览表
2.3整车性能及安全保障介绍"
PO_2019120301,0,Description,"我司已与珠海公交签订合同，后续补充的

    1、2019年新增20辆10.5米纯电动公交车购置项目技术及服务需求协议
    2、2019年新增160辆12米纯电动公交车购置项目技术及服务需求协议

    3、2019年新增20辆10.5米纯电动公交车购置项目技术及服务需求协议（公路版）
    4、2019年纯电动公交车维保协议"
PO_2019111902,0,Description,"澳门E项目配置变更如下：
      1、轮罩
           变更前：半幅不锈钢轮辋装饰罩
           变更后：无
       此变更的费用在货款中冲抵，详细请查收附件并批示，谢谢"
PO_2019111501,0,Description,"关于捷联JL020新款车（生产编号GTBN-1808001）配置变更如下：
1、侧窗帘用B555-14高精密布置窗帘；
2，车内灭火器不放在乘客门后，改为放置在仪表台中；
3，取消顶排风扇。
    合同价格据变更差价，相应调整,如产生额外工时费用由客户承担。"
PO_20019110801,0,Description,"GTZ6127BEVB共40台订单配置变更
珠海公交油漆外观GTZ6107BEVB1生产编号100005B-100024B20台，珠海公交GTZ6127BEVB生产编号120587-602B、604B、606B、611-612B 20台
具体变化见附件"
PO_2019110101,0,Description,"各位领导、同事：
现海外营销与非洲客户对接后，输出：
1.GTZ6129E3BF 12米大巴顾客需求确认表
2.GTZ6129E3BF 12米大巴产品标准配置表
现申请做这款产品的意向订单配置评审。"
PO_2019110102,0,Description,"TP2019103112896-埃塞俄比亚（旅游大巴）样车项目意向订单可行性评审
各位领导、同事：
现海外营销与非洲客户对接后，输出：
1.GTZ6120E3CF12米燃油大巴顾客需求确认表
2.GTZ6120E3CF 12米燃油大巴产品标准配置表
现申请做这款产品的意向订单配置评审"
PO_2019111901,0,Description,"关于捷联JL10款捷联车生产编号GTB-1807810M配置变更如下
1、乘客护栏取消安装，由客户回香港安装。合同价格据变更差价，相应调整。"
PO_2019112601,0,Description,"澳门E项目配置变更如下：
1、油漆
变更前：绿色（按客户色板）
变更后：白色，车身无图案
2、副仪表台网兜
变更前：无            
变更后：增加储物网兜
详细请查收附件并批示，谢谢"
PO_2019110701,0,Description,"各位领导同事，关于珠海公交20台定制公交GTZ6107BEVB1 生产编号100005B-100024B配置变更如下
    20台定制公交轮胎品牌变更为韩泰，规格275/70R22.5不变；更换下的普林轮胎用作历史车辆磨损轮胎补偿，不会产生库存积压；
车辆交付日期按原计划执行。"
PO_2019110501,0,Description,"各位领导同事
    关于珠海公交GTZ6127BEVB油漆外观变更生产编号120603B、120605B、120607B-120610B、120613B-120626B  20台
具体变化见附件"
PO_2019112602,0,Description,"关于捷联JL10款捷联车生产编号GTB-1808810M配置变更如下
    1、乘客护栏取消安装，由客户回香港安装。合同价格据变更差价，相应调整"
PO_2019120502,0,Description,"/******此份是埃塞俄比亚客户- GTZ6129E3BF-公交配置的评审***/
ET项目合同及配置评审，简要如下：  
     数量：2台（GTZ6120E3CF & GTZ6129E3BF各1台）
   交期：买卖双方签订销售合同且卖方收到买方100%不可撤销的即期信用证后  120  天数内完成装运。
   付款：买方在合同签订后，向银行申请100% 合同款的不可撤销的即期信用证，且以100%L/C的方式支付给卖方，信用证开证行需同卖方合作银行（中国工商银行、中国建设银行或中国银行）建立密押关系，信用证条款需事先征得卖方合作银行的确认。仅当卖方收到符合上述全部条件的信用证后，开始启动生产。
   售后：1、车辆质保按照卖家提供的《维保手册》执行，由于质保产生的维修人工费将由卖方承担，劳动工时按照中兴智能汽车附件《标准工时费》计算，劳动工时单价为12美金每小时；2、卖方免费为买方提供车价1%的保养件。
贸易方式：FOB
装运港：Any Port of China
目的港：Djibouti Port     
详细请查收附件，请批示，谢谢
 注意：该车出口需有CIQ认证(全称：中国出入境检验检疫/CHINA ENTRY-EXIT INSPECTION AND QUARANTINE)
/******此份是埃塞俄比亚客户- GTZ6129E3BF-公交配置的评审，详见附件***/"
PO_2019122501,0,Description,"JL020新款车（生产编号GTBN-1808001）该车未达到交付标准，但因广通客车生产资质到期转换中兴，涉及海关保税监管，物流部要求必须于2019.12.31日前广通名义申报出口，中兴名义再备案进口。为保证过程符合海关监管要求，对车辆进行局部内饰拆除（具体拆除位置及料件由产品中心确定及车间现场指导）

拆除位置：1、前、中、后顶等内饰件。"
PO_2019120503,0,Description,"/******此份是埃塞俄比亚客户- GTZ6120E3CF-公路配置的评审***/
ET项目合同及配置评审，简要如下：  
     数量：2台（GTZ6120E3CF & GTZ6129E3BF各1台）
   交期：买卖双方签订销售合同且卖方收到买方100%不可撤销的即期信用证后  120  天数内完成装运。
   付款：买方在合同签订后，向银行申请100% 合同款的不可撤销的即期信用证，且以100%L/C的方式支付给卖方，信用证开证行需同卖方合作银行（中国工商银行、中国建设银行或中国银行）建立密押关系，信用证条款需事先征得卖方合作银行的确认。仅当卖方收到符合上述全部条件的信用证后，开始启动生产。
   售后：1、车辆质保按照卖家提供的《维保手册》执行，由于质保产生的维修人工费将由卖方承担，劳动工时按照中兴智能汽车附件《标准工时费》计算，劳动工时单价为12美金每小时；2、卖方免费为买方提供车价1%的保养件。
贸易方式：FOB
装运港：Any Port of China
目的港：Djibouti Port     
详细请查收附件，请批示，谢谢
 注意：该车出口需有CIQ认证(全称：中国出入境检验检疫/CHINA ENTRY-EXIT INSPECTION AND QUARANTINE)
/******此份是埃塞俄比亚客户- GTZ6120E3CF-公路配置的评审，详见附件***/"
Biaoshu_2019123001,0,Description,"一、此标书的车型为：GTZ6859BEVB3,请评审资料参见附件

二、各科室负责人及项目经理，输出意见需要包含以下信息：
2.1 技术能否实现？不能实现项的请提出；
2.2 不能实现的项，在现有样车的基础上能否改制实现？改制需要的时间周期及费用，需提供。
谢谢。"
PO_2019123002,0,Description,应珠海公交领导要求，将已售给珠海公交所有车辆，包括今年的  GTZ6127BEVB、GTZ6107BEVB、GTZ6107BEVB1   200台车辆内的原“老幼病残”标识更改为“爱心专座”，尺寸200*60mm，具体图像在附件，客户要求2020年1月15日完成。覆盖粘贴在原有标识上，要求粘贴要紧，表面不老化掉色及不易撕掉
PO_2019122001,0,Description,"德电低入口样车配置变更如下：
1、空调
变更前：上海松芝，冷暖空调，制冷量≥28000Kcal/h.带电池冷却。继续与Aurora技术对接，量产车型作选配
变更后：上海松芝，单冷空调，制冷量≥28000Kcal/h.带电池冷却。继续与Aurora技术对接，量产车型作选配
2、外后视镜
变更前：Mekra mirrors from Germany，电加热，电动调节。
变更后：进口Mekra mirrors from Germany，电加热，全电动调节."
PO_2019122502,0,Description,"数量：50台（GTZ6120E3CF）（45座/44台  30座/6台）
 交期：收到不可撤销的二年信用证后150天内完成装运。
付款：买方在合同签订后[15]日内按100%合同金额，开出受益人为卖方的不可撤销的二年（730天）信用证，信用证开证行需同卖方合作银行（中国工商银行、中国建设银行或中国银行）建立密押关系，信用证条款需事先征得卖方合作银行的确认。仅当卖方收到符合上述全部条件的信用证后，开始启动生产。
售后：卖方按向买方交付的《使用说明书》及《维保手册》的规定执行售后服务，买方需按《使用说明书》及《维保手册》的要求进行正确使用、操作。产品质保期按照买卖双方签订的《中兴智能汽车有限公司汽车产品质保协议》.  
详细请查收附件，请批示，谢谢
注意：货物无认证要求
****************************"
PO_2019122601,0,Description,"捷联020新款车（002-007号），对应5份不同底盘的配置：
1	底盘	捷联提供 FOTON BJ6110AVBE6H 欧6底盘--前悬/轴距/后悬	2730/5800/3460 mm
2	底盘	捷联提供 ISUZU LT434C-6S-VI-C-AT 欧6底盘--前悬/轴距/后悬	2500/6100/3490 mm
3	底盘	捷联提供 SCANIA K360IB4X2NB  欧6底盘--前悬/轴距/后悬	2700/5850/3440 mm
4	底盘	捷联提供 FOTON BJ6110AVBE6H 欧6底盘--前悬/轴距/后悬	2730/5800/3460 mm
5	底盘	捷联提供VOLVO B8R  欧6底盘--前悬/轴距/后悬	2570/5900/3520 mm
详见附件，请各位领导审批。"
PO_2019123001,0,Description,"1.需要做技术可行性的评审，详见附件。
2.此项“基于阿联酋上批5台订单，落实整改项（见PDI报告）“”
1.在产品中心内部评审中删除；
2.但Teamshare，即公司评审流程 中直接回复“此项非配置内容，PDI项会基于订单整改”"
PO_2020011502,0,Description,"澳门G项目合同及配置评审，该车是由信达9.5米车转售，配置是信达9.5米现车配置，简要如下：数量：1台（GTZ6951BEVCF）
交期：卖方收到合同金额70%的预付款，10个工作日达到交车状态（不含周日和法定节假日）
付款：下订后五个工作日内买方电汇70%的预付款，余款30%自发车之日起算两年付款。
交车地点：横琴口岸
售后服务：此台车为折价销售车辆，无售后服务。
认证报告：A. 电机系统（包含控制器）强检报告。B. 汽车整车产品定型检测报告。C. 电动汽车安全要求强检报告。D. 电池强检报告 。
详细请查收附件并批示，谢谢
注意：
1、合同签订后，我司需与信达签订合同终止协议。
2、车辆以现车配置出售，可以以简单配置与客户签订"
PO_2020011501,0,Description,"捷联GTBMB-1906023、GTBMB-1906024配置变更如下：
1、型号5503-00355司机窗总成（原来JL11-8.8I-5403010B司机窗）厂家：泰州市华发新型建材厂，数量：两件。因客户原因需重新采购，物料由捷联安装，物料采购成本由客户承担。
2、型号5503-00359左侧面乘客门玻璃，厂家：东莞市奔迅汽车玻璃有限公司，数量：两块。因生产及玻璃钢制作误差导致乘客门安装时两侧无缝隙，需要将5503-00359左侧面乘客门玻璃两侧缩小，重新采购玻璃。物料由捷联安装，物料采购成本由中兴智能承担"
PO_2020021001,0,Description,"捷联832号车配置变更已发起评审
1、取消太昌空调（型号TCH12TA）主机安装，但空调配件（高、低压銅管，電池線）需安装，合同价格据变更差价，相应调整。
2、832#已到厂空调主机，请采购协调退货手续

注意：与营销吴工（素清）沟通 ，得知如下信息:
           取消此安装，车到香港捷联后，捷联客户会把手头库存空调的1台此空调安装上车。"
PO_2020010901,0,Description,"澳门增程式合同及配置，简要如下：

      数量：1台（型号待产品中心提供）

      交期：待定

      付款：合同签订后5个工作日内付70%预付款，余款30%在出车前7个工作日支付。

      交车地点：横琴口岸

      售后服务：车身质保期自发货日1年或10万公里；底盘的售后服务由买方负责。

      认证报告：A. 电机系统（包含控制器）强检报告。B. 汽车整车产品定型检测报告。C. 电动汽车安全要求强检报告。D. 电池强检报告 。

      详细请查收附件并批示，谢谢"
PO_2020011601,0,Description,"德电低入口样车配置变更如下：
1、轮椅区
变更前：按Kiel状态先进行,若交期不满足整车计划则改用国产残疾人轮椅靠背(带折叠椅功能)及安全带、折叠座椅。轮椅区带标识，参考客户提供的照片。
变更后：按Kiel状态先进行,若交期不满足整车计划则改用国产残疾人轮椅靠背(带折叠椅功能)及安全带、折叠座椅。轮椅区带标识（900*750mm，蓝底白标识图案），参考客户提供的照片。
2、全车玻璃
变更前：前挡风玻璃、司机窗前端、乘客前门要求带除霜功能；其余按欧标要求处理。全封闭车窗。
变更后：前挡风玻璃、司机窗前端、乘客前门要求带除霜功能；其余按欧标要求处理，全封闭车窗，侧窗玻璃黑边圆滑过渡。
以上变更产生的费用由我司承担， 详细请查收附件并批示，谢谢！"
PO_2020022101,0,Description,"捷联项目（生产编号GTB-1906832m）配置有如下变更：
1、中间出风口过渡板包深啡色起絨布更改为紫色起绒布。物料颜色更改，无费用增加。"
PO_2020022401,0,Description,"德电8.5米低入口样车配置变更评审（增加轮罩）
轮罩
变更前：无
变更后：有（前轮罩，不锈钢抛光，19.5英寸，孔间尺寸275mm）
以上变更产生的费用由我司承担， 详细请查收附件并批示，谢谢！"
PO_2020021901,0,Description,"关于广州安迅机场巴士生产编号L0011、L0012配置有如下变更
1、辅助控制器由蓝海华腾改为英威腾五合一
2、驱动电机为公司标配（即：公告一致的参数）
3、翘板开关为按钮类型的
4、行李架改为有稍微侧倾，防滑落功能
5、制动泵由WABCO改为瑞立制动总泵
6、地板、侧围板、内顶板改为PVC板
7、外后视镜需带电动调节、带电除霜功能
8、最高车速由100km/h改为90km/h"
PO_2020022801,0,Description,"附件是罗马尼亚首台的配置，现进行评审：
1.请认真核实并输出意见
2.评审意见请在2020/3/2上午 9:00之前反馈。"
P-TM-05-0032-2020,0,Description,"为保证举升安全作业，需制作2套安全凳。 
1、请生产部按照物料明细安排下料（消耗库存），并按附页图纸制作。相邻管材周边满焊，无咬边、夹渣、气孔、裂纹等明显缺陷。
2、焊接完成后喷涂天蓝色防腐漆，并贴附工装标识。"
PO_2020030202,0,Description,"韩国JJ项目合同及配置评审，简要如下：
数量：1台（整车认证型号：VBUS90，GTZ6917BEVBF仅作为内部使用）（卖方按照买方提供的商标、图纸等信息制造时，不侵犯任何第三方的工业产权，若卖方为此引起任何索赔，买方应承担全部责任）
交期：买卖双方签订销售合同且卖方收到买方定金后 90 天数内完成装运（电池由买方购买，须在2020年3月4日前送达卖方工作，否则交货时间顺延。）
付款：合同签订后15日内电汇支付合同金额的30%作为定金，余款70%在装运日期前7天内付清。
售后：该样车的售后服务及质保由买方承担。
 注意：
1、合同于1月10日已会议评审并按评审意见修改。
2、该样车1月2日已下发PO单生产，附件的配置为客户最新输出，差异见涂黄色部份（更改整车型号及LOGO、增加备胎、随车附一套轮椅固定装置、增加随车工具）"
PO_2020022701,0,Description,"德电低入口样车配置变更如下：
1、最高车速（km/h)
变更前：85
变更后：90"
PO_2020022702,0,Description,"德电低入口样车配置变更如下：
1、最高车速（km/h)
变更前：85
变更后：90"
PO_2020030201,0,Description,"针对台阿联酋GTZ6129E4BF项目，提前投入一辆车进行生产，现对此配置进行评估。
配置详见附件，谢谢。"
PO_2020030501,0,Description,"德电低入口样车配置变更如下：
1、车载充电机
变更前：EDN品牌.EVO 22K L R4, 44KW, 2*22kw
变更后：因采购回复车载充电机不满足整车交期计划，车载充电机改为在德国客户自行安装，我司预留好低压接插件、线束等安装条件。
2、其他要求
变更前：全车标识：全车标识不适用汉语标识，只适用英文标识
变更后：全车标识：全车标识不适用汉语标识，适用英文标识，部分标识为德文"
PO_2020031101,0,Description,"关于珠海公交油漆外观
GTZ6107BEVB生产编号100005B-100024B 20台
GTZ6127BEVB生产编号120587B-120616B 30台
GTZ6127BEVB生产编号120617B-120626B 10台
共60台，具体外观变更图见附件，请领导批示"
PO_2020031102,0,Description,"关于珠海公交油漆外观
GTZ6107BEVB生产编号100005B-100024B 20台
GTZ6127BEVB生产编号120587B-120616B 30台
GTZ6127BEVB生产编号120617B-120626B 10台
共60台，具体外观变更图见附件，请领导批示"
PO_2020031103,0,Description,"关于珠海公交油漆外观
GTZ6107BEVB生产编号100005B-100024B 20台
GTZ6127BEVB生产编号120587B-120616B 30台
GTZ6127BEVB生产编号120617B-120626B 10台
共60台，具体外观变更图见附件，请领导批示"
Biaoshu_2020072801,0,Description,"一、附件说明：
1.1压缩文件：1份，其内容为：西部公交的技术协议(标书）；
1.2西部公交6859BEVB3标书不符合项汇总表：1份

二、当前的输出需求：
2.1 对《西部公交6859BEVB3标书不符合项汇总表》进行补充：
《西部公交6859BEVB3标书不符合项汇总表》 ，是基于应标时，整理出来的不符合项表，当前客户需求的35台车已经制作完成且交付客户，请基于标书中的条款与实车进行比对，对《西部公交6859BEVB3标书不符合项汇总表》进行补充。

三、输出《不符合项》的时间要求：2020/8/10之前。
谢谢。"
PO_2020031801,0,Description,"一、10.5米纯电公交_惠南公交投标书评审
二、任务分4个模块，请按附件中要求输出对应文件，谢谢。
序号	任务
1	技术评分，体现车辆的先进性、可靠性、合理性
2	主要配置参数表
3	技术配置评审及输出
4	技术要求中证明文件"
PO_2020031601,0,Description,"韩国样车配置变更（后保险杠）
后保险杠
变更前：后保险杠为中段式，同珠海公交
变更后：后保险杠采用三段式"
PO_2020032001,0,Description,"布基纳法索10台车合同及配置评审
  布基纳法索合同及配置评审，简要如下：
数量：10台（GTZ6120E3CF）
交期：买卖双方签订销售合同，卖方收到买方定金且确认整车配置后 90天数内达到发货状态。
付款：买方合同签订后十五个工作日内，电汇支付合同金额的10%作为定金,出车前10个工作日付15%；剩余75%尾款为提单后1年内付清，每4个月支付合同金额的25%。且信保费75%尾款的2.5%的费用由买方承担。
售后：整车质保2年或150000km，先到原则。质保期内客户负责当地的售后服务，我司提供配件及运费。
装运港/Port of Shipment: Guangzhou or Shenzhen
目的港:特马/Port of Destination: TEMA  
贸易方式：CIF"
PO_2020042701,0,Description,"关于捷联JL010生产编号（中兴编号L0227、客户编号GTB-1902819m））配置变更
1、遥控气动内摆门（带防夹系统）更改为：遥控气动外摆门（带防夹系统），不增加费用。
注：此车对应底盘为：VOLVO B8R 欧6底盘"
PO_2020040201,0,Description,"受疫情影响澳门政府后续将对车辆的通风性能提高要求，经与意向客户多次沟通，客户要求将10.9米电车除左/右第一侧窗玻璃，左第二侧窗玻璃外，其他侧窗均改为下封闭上推拉式车窗。要求：封闭部分作为逃生窗，尺寸能够满足600*700mm的通过性要求的前提下，推拉部分尽量拉宽拉大。
配置变更如下：
 1、全车玻璃
变更前：前风窗白色夹胶玻璃；后风窗为5mm厚浅灰钢化玻璃；内嵌式司机窗、乘客门为白色钢化玻璃；侧窗左右尾窗内置式推拉窗，其余侧窗为全封闭浅灰钢化玻璃
变更后：前风窗白色夹胶玻璃；后风窗为5mm厚浅灰钢化玻璃；内嵌式司机窗、乘客门为白色钢化玻璃；除左/右第一侧窗玻璃，左第二侧窗玻璃外，其他侧窗均改为下封闭上推拉式车窗。要求：封闭部分作为逃生窗，尺寸能够满足600*700mm的通过性要求的前提下，推拉部分尽量拉宽拉大"
PO_2020041101,0,Description,"韩国样车配置变更如下：
1、路牌
变更前：LED电子路牌（前+侧，32点阵，上下2行字），路牌显示内容由客户提供的报站器提供，支持显示韩文、英文、数字
变更后：预留线束
2、车内显示屏
变更前：路牌显示内容由客户提供的报站器提供，仅显示下一站站点名称
变更后：预留线束"
PO_2020040801,0,Description,"前更前：选型西安华泰司机座椅，因商务成本偏高，建议更换性价比高的九龙司机座椅。
变更原因：鑫大道项目产品以满足最低技术要求的低成本方案进行产品选型，后期了解到九龙座椅有我司未选型到的更低成本产品，该产品较现有华泰的产品有成本竞争力，建议技术与九龙进行对接确认使用该产品的可行性，具体型号以研究院给出的为准。
变更后：九龙司机座椅1050元/台，较西安华泰司机座椅1786元/台相比，单台可节省736元"
P-TC-05-0108-2020,0,Description,"生产部：
按项目开发需求GTZ6655BEVB1车辆进行路测稳定性测试，现发现车辆车载终端线束接插件插头有接线错误，导致车辆数据不能正确上传至监控平台。请生产部协助更改。
错误情况如下：CAN_L应该接39PIN，现错接在38PIN了。
请生产部领导批准！"
DOC-0000450,0,Description,"P-VD-13-0029-2020GTZ6817BEVB1-L010鑫大道订单车录像监控系统技术协议用章申请
P-VD-13-0032-2020GTZ6118BEVC-L011机场大巴订单车车载影音系统技术协议用章申请
P-VD-13-0031-2020GTZ6129BEVBF-L012哈萨KD项目订单车车载影音系统技术协议用章申请"
PO_2020042301,0,Description,"关于捷联JL10M-11.9V8E6和JL10M-11.9FE6配置评审
1.FOTON BJ6110AVBE6H 欧6底盘-2台
2.VOLVO B8R 欧6-1台
详见附件，谢谢！"
PO_2020041601,0,Description,"原合同约定：电池由买方购买，须在2020年3月4日前送达卖方工厂，否则交货时间顺延。

   现补充协议约定：1、卖方代理买方进行高压箱采购并安装，因高压箱产生的售后服务及质保由买方与电池厂家承担。

              2、高压箱价格由买方与电池厂家确认无误后, 卖方下单采购。高压箱货款在样车交付前与样车尾款一并支付给卖方"
Biaoshu_2020040509,0,Description,"各位同事：你们好！
   郴州公交22台8米标书，详见附件，谢谢。"
PO_2020051501,0,Description,"前更前：24台罗马尼亚和40台阿联酋订单底盘由申龙提供。
变更后：因申龙厂家资金原因，整体底盘无法按期交付，申龙当前状况为：底盘一部分物料已经采购到位，一部分物料因资金原因无法到货，其申请由我司提前支付预付款（1000万）购买材料，风险较高。为保证生产订单的交付，及结合物料现状情况，经评估，建议底盘在我司自制（具体按底盘自制流程启动相关程序），申龙派人驻厂协助组装。物料保障方面：申龙未采购的物料由我司采购，已采购的物料由我司向申龙打包购买。
以上变更需研究院根据申龙提供的清单转换我司的底盘BOM。采购执行底盘配件的采购工作。"
PO_2020043001,0,Description,"关于西部公交GTZ6859BEVB3配置有如下变更

1、投币机

投币机经过确认，继续天迈此款TM-QXE-C型投币机尺寸（透明上顶），即首次PO单的状态一致。

2、前路牌

更改前：广州通达，“前路牌”24点阵中英文双语

更改后：天迈（客户指定件）,“前路牌”24点阵中英文双语

3、后路牌

更改前：广州通达,“后路牌”24点阵中英文双语带转弯与制动提示

更改后：天迈（客户指定件）,后路牌”24点阵中英文双语带转弯与制动提示

4、侧路牌

更改前：广州通达,“侧路牌”带自动感光系统64点阵

更改后：天迈（客户指定件）,“侧路牌”带自动感光系统64点阵

5、车内屏

更改前：广州通达,车厢内LED提示屏、LCD节站屏

更改后：天迈（客户指定件）,车厢内LED提示屏、LCD节站屏

6、车尾LED广告屏

更改前：广州通达，车尾LED广告屏，64点阵

变更后：天迈（客户指定件），车尾LED广告屏，64点阵"
DOC-0000705,0,Description,P-TC-13-0105-2020 熙斯特自动驾驶多合一集成控制器技术协议
DOC-0000702,0,Description,P-TC-13-0104-2020 GTZ6655BEVB车型 宁德电池系统技术协议20200528
DOC-0000716,1,Description,"GTZ6118BEVCF纯电动公路、GTZ6136E4CF柴油公路、GTZ6859BEVBF
纯电动城市客车认证申请"
DOC-0000693,0,Description,"基于泰国GTZ6107BEVB3（右舵车）备案的需求，结合TP2020052219019的输入， 在国内公告车型GTZ6107BEVB3的基础上，需提供如下的泰国GTZ6107BEVB3（右舵车）的备案资料：
一、需提供5份英文版对照的检查报告：
序号	检车报告名称
1	汽车制动性能
2	侧倾稳定角
3	电动汽车能量消耗率和续驶里程
4	电动汽车安全要求
5	电动车辆传导充电系统一般要求
1.借用国内中文版的GTZ6107BEVB3检测报告翻译为中英双语对照版；
2.检查报告转英文版的费用预计：1万（5*0.2=1万）。
3.英文版的要求：按沟通的达成的意见执行。
二、《电动车辆传导充电系统一般要求》的检测：
1.此项检测目前无，需检测机构做此检测；
检测费预计：2.5万（含中文版的测报告费,不含英文版的检查报告)
三、附件三份
1.泰国认证清单表
2.TP2020052219019-10.5米右舵纯电泰国项目备案资料相关费用申请
3.泰国8.5m与10.5m纯电动公交（右舵）车辆备案信息沟通  会议纪要20200521"
Biaoshu_2020060501,0,Description,"一、标书文件详见附件，共计4份标书，分别为：
 附件1：12_share_file_标书 
附件2：MC标书翻译 
附件3：MC标书任务分工 
附件4：项目启动会会议纪要
 二、标书响应表和技术资料：按附件 MC标书任务分工的要求 在6/11之前提供。 谢谢"
DOC-0000716,0,Description,"GTZ6118BEVCF纯电动公路、GTZ6136E4CF柴油公路、GTZ6859BEVBF
纯电动城市客车认证申请"
P-TC-13-0105-2020,0,Description,P-TC-13-0105-2020 熙斯特自动驾驶多合一集成控制器技术协议
DOC-0000717,0,Description,"GTZ6118BEVCF纯电动公路、GTZ6136E4CF柴油公路、GTZ6859BEVBF
纯电动城市客车认证申请"
DOC-0000701,0,Description,P-TC-13-0101-2020 熙斯特五合一集成控制器技术协议
PO_2020061502,0,Description,"关于捷联中兴L0227(捷联GTB-1902819m）、中兴L0228（捷联GTB-1905827m）、中兴L0229（捷联GTB-1905828m）
配置有如下变更
1、
变更前：“踏步灯”栏，对乘客门踏步灯安装数量未列明
变更后：明确乘客门安装2个踏步灯。
2、
变更前：“其它要求”栏内，装12V点烟器一个。配置描述不准确，与基础配置不一致
变更后：更正为装12V点烟器3个。
注：变更项属标配内，不增加额外费用"
Biaoshu_20200609,0,Description,"1.应标客户：茂名市交通建设投资集团有限公司2020年48辆纯电公交车招标项目，详见附件；
2.我司按GTZ6859BEVB3应标；"
DOC-0000755,0,Description,"全自动泊车项目
驻车辅助系统解决方案"
PO_2020061501,0,Description,"整车配置表的评审：
1.附件为捷联JL10M-11.9I6E6出厂编号1902820m、GTB-2006833m配置表，交期：为配置确认后45天，按约定45天生产周期.
2.出厂编号与座位数的说明：
出厂编号820m：51座，2+2布置，外摆门；833：65座，3+2布置,内摆门"
PO_2020071301,0,Description,"国JJ 10.9米合同及配置评审，简要如下：
 数量：1台（整车认证型号：VBUS110；GTZ6117BEVBF仅作为内部使用）（卖方按照买方提供的商标、图纸等信息制造时，不侵犯任何第三方的工业产权，若卖方为此引起任何索赔，买方应承担全部责任）
详细请查收附件并批示，谢谢"
P-OD-06-0296-2020,0,Description,关于6917BEVBF韩国电车左侧围骨架总成变更的通知 
PO_2020070901,0,Description,"关于捷联中兴L0234(捷联GTB-1902820m）配置有如下变更
1、车型名称：JL10M-11.9I6E6，除去“ 学童车”字样；
2、隔音隔热：除去“吸音胶”字样；
3、护栏和扶手：安装旅游车专用乘客护栏，实物图见附件：  
具体以技术文件为准。"
PO_2020070903,0,Description,"1、空调

     变更前：斯飞乐，冷暖空调，制冷量≥28000kcal/h；司机小空调由客户提供，型号：Eberspaecher Cooltronic 1400 G2.5 Hatch；预留安装  位置；均带欧盟证书

     变更后：斯飞乐，冷暖空调，制冷量≥28000kcal/h；司机小空调型号：Eberspaecher Cooltronic 1400 G2.5 Hatch，客户提供发回我司在我  司工厂安装；均带欧盟证书

2、全车玻璃

     变更前：前挡白色夹胶玻璃，后挡钢化玻璃；内置推拉司机窗（推拉窗在前）；推拉侧窗、浅灰玻璃；白色乘客门玻璃；带e-mark标识挡风玻  璃透光率≥75%，带除霜；门玻璃≥80%，侧窗为40-70%

     变更后：前挡白色夹胶玻璃，后挡钢化玻璃；内置推拉司机窗（推拉窗在前）；推拉侧窗、浅灰玻璃；白色乘客门玻璃；带e-mark标识挡风玻  璃透光率≥75%，带除霜；门玻璃≥80%，侧窗为40-70%；司机侧窗及前乘客门前玻璃带加热除霜功能；

    

     以上变更产生的费用由我司承担，详细请查收附件并批示，谢谢"
TP2020073184817,0,Description,"哈萨1台合同及配置评审，简要如下：
数量：1台 GTZ6129BEVG（公司内部型号GTZ6129BEVBF） 生产编号：L0020 
交期：签订合同后5个工作日内将车辆达到可提车状态。

注：请在2020/8/4日 9:30之前，输入评审意见，谢谢。"
PO_2020081701,0,Description,"1.此项目为香港金沙旅巴项目，2台车，
2.在原6118BEVCF基础上座位数切换为维嘉49+1座椅，带一个应急逃生窗，以及带双边行李架。
3.法规需满足香港法规
4.具体的配置要求详见附件
5.请输出技术评估意见，谢谢。

注：2020/8/17上传的配置与2020/8/18上传的配置（2020/8/18上传的配置为 市场部发起的合同及配置评审中的配置）区别如下：

1.内行李架（原来：带双边内行李架；现在：带内行李架）：调整不参数影响。
2.外后视镜（原来：右短左长杆式外后视镜，现在：左右兔耳式外后视镜）：调整对车身有影响。
注：带电加热不变，保持此项功能。
3.导游椅（原来：无导游椅，按6101BEVCF导游椅埋铁位置尺寸预埋；现在：无导游椅）：取消埋板的说明，需注意。
详见上传的配置《GTZ6118BEVCF纯电公路客车(右舵)配置表20200818-Teamshare（繁体转为简体中文）-V1》"
PO_2020081801,0,Description,"TP2020081865927-德电低入口样车配置变更（远程监控系统&低速报警系统
德电低入口样车配置变更如下：
1、新能源远程监控系统
变更前：客户自带，预留线束及安装位置。
变更后：客户提供，我司安装。
2、低速报警系统
变更前：无
变更后：客户提供，我司安装。"
PO_2020081402,0,Description,"现有澳门客户有意愿采购我司2台9.5米信达库存车辆，且客户已协助我司通过了澳门财税申报审批，需公司协助对信达9.5米库存车进行整改（生产编号为：HWHK09-0005T、HWHK09-0006T）整改清单及整改措施详见附件质量、技术评审清单。
以上整改工作要求8月底前完成，整改产生的费用由公司承担，详细请查收附件并批示，谢谢"
PO_2020081401,0,Description,"韩国样车配置变更如下：
 一、客户LOGO
变更前：车到韩国后，客户在韩国贴牌
变更后：1、方向盘LOGO客户提供图纸，我司制作贴牌。图纸已提供至研究院。  2、车外LOGO客户提供，我司贴牌(前后共2个)。
以上变更产生的费用由公司承担，详细请查收附件并批示，谢谢！"
PO_2020083101,0,Description,"关于捷联GTB-1902820m公司生产编号L0234配置有如下变更
1、左右安全门前乘客座椅通过侧挂铝型材固定，地台不用钻孔,请审批，谢谢。"
PO_2020090301,0,Description,"捷联JL010 836# 837# 生产编号L0243、L0244司机护栏和学童车导游扶栏和扶手厂家变更审批
因采购反馈供货商服务及存在最少起订量，最少起订量为100，并且需付现款，经营销与客户确同意更换厂家。
护栏和扶手。
变更前：
安装M车新款乘客的司机护栏和学童车导游扶栏和扶手。厂家瑞昌。
变更后：
安装M车新款乘客的司机护栏和学童车导游扶栏和扶手,广州骏粤汽车配件有限公司生产提供"
PO_2020090201,0,Description,"关于捷联010 820m # 833m# 836m# 837m# 838m#乘客椅项有如下变更
变更前：中兴订购侧挂铝材、螺栓、铝型材装饰封头等其它配件
变更后：座椅配套螺栓由厂家提供，中兴订购侧挂铝材、铝型材装饰封头等其它配件"
PO_2020082401,0,Description,"关于捷联JL10M-11.9I6E6 学童车出厂编号GTB-2008838m配置评审
65座，3+2布置,内摆门）)配置评审
底盘：ISUZU LT434C-6S-VI-AT ,详见附件，谢谢。"
PO_2020090801,0,Description,"关于珠海公交  6859BEVB3(L0241)  车辆限速要求、集中润滑品牌 6127BEVB1（L0239)车辆最高限速有如下变更
6859BEVB3(L0241)  车辆限速要求
变更前：≤69  变更后：≤60
6859BEVB3(L0241) 集中润滑品牌
变更前：奥特  变更后：华贝
6127BEVB1（L0239)车辆最高限速
变更前：≤69  变更后：≤60"
PO_2020091801,0,Description,"韩国10.9米样车配置变更如下：
标配座椅数
变更前：21+4+1（4个折叠椅）
变更后：21+2+1(取消司机侧轮椅区的2个折叠椅,另一侧轮椅区状态不变)
销售与采购确认4个折叠椅已到货，取消的2个折叠椅留给后续车使用，详细请查收附件并批示，谢谢！"
PO_2020092802,0,Description,"现对香港金沙GTZ6128BEVCF 65+1座 3+2的配置进行评审。

注：香港金沙 65+1（3+2）的合同和香港金沙 53+1（2+2）的合同相同，由于 53+1（2+2）的合同已经上传，65+1的合同不再上传，如果需要请参考  53+1（2+2）的合同，谢谢。"
PO_2020092801,0,Description,"金莎合同于2020年9月2日已评审通过且双方已签名盖章生效，原配置为GTZ6128BEVCF（49+1座2+2）2台改为GTZ6128BEVCF（53+1座2+2&60座3+2）各1台，现对GTZ6128BEVCF 53+1座2+2 1台进行评审，交期仍为双方确认车辆配置及乙方收到预付款之日起90天达到交付状态，车辆需满足香港《道路交通条例》(第374章)及其附属规例的规定。

注： 此次仅对 53+1座 （2+2）的配置进行评审，请在今天9/28内输出评审意见，谢谢。"
P-24-0004-2020,0,Description,关于珠海公交6127BEVB1-L056车型底盘模块图纸和BOM清单的发放通知 
PO_2020101302,0,Description,"关于珠海公交12米样车GTZ6127BEVB，生产编号：120546B有如下变更
1、ADAS变更为“湖南晟成”
2、一键报警变更为“湖南晟成”"
DOC-0001335,0,Description,"中兴智能汽车-浙江北微试用协议
传感器用途：
     该传感器用于VCU对整车车况不同车姿状态的判断使用，使VCU智能判断车辆在不同路况和坡度情况下车辆的动力性和经济性需求目标，辅助VCU 智能调节电机控制器的在不同油门下输出理想状态下的动力参数，从而达到优化提升整车能耗的目标。"
PO_2020101901,0,Description,"1.附件为珠海公交2020年中兴智能100台项目合同，维保协议，技术协议，车辆回购协议，请查收；
2. 附件“技术协议”来源于“珠海公交标书中的技术部分的条款”，基于在应标的过程中，对”技术部分的条款“已经输出了偏离项，对于此次市场部发起的此次评审，可以先”参考表”2020年_珠海公交标书_响应待沟通事项“，如果在表中“2020年_珠海公交标书_响应待沟通事项”没有包含的项，请补充，谢谢。"
P-24-0022-2020,0,Description,关于珠海公交6107BEVB1-L059车型底盘模块图纸和BOM清单的发放通知 
PO_2020101301,0,Description,"按双方签订的售后服务合同约定，韩国9米车我司随车提供一个备胎、一套轮椅固定装置及随车工具，为配合准备物料及发运，需将赠送物料更新到PO生效通知单中，具体配置变更如下:
1、备胎
变更前：无
变更后：有
2、轮椅区
变更前：2个轮椅区，无轮椅靠背，有轮椅固定装置，4个折叠椅，折叠椅打开需朝前坐，坐垫尺寸≥400×400
变更后：2个轮椅区，无轮椅靠背，有轮椅固定装置，4个折叠椅，折叠椅打开需朝前坐，坐垫尺寸≥400×400 随车附一套轮椅固定装置
3、随车工具
变更前：无
变更后：有"
PO_2020102001,0,Description,"香港车公房1台12米公交项目合同及配置评审，简要如下：
 数量：1台（GTZ6129BEVH）（涉及开模费用由我司承担）
 交期：2021年2月28日前达到交付状态且完成整车欧盟认证全部测试项目。   付款：预付款为合同总额30%，提车前5个工作日内支付合同总额60%，车辆出口后3个月内支付剩余10%。
 售后服务：1、车辆接收之日起至少有十（10）年的车辆使用寿命要求；2、整车质保2年或15万公里，自发运之日后100天开始计算，以先到爲准，合同未提及内容按乙方的《质保标准表》详见附件二及《维保手册》执行；动力电池质保周期为8年或50万公里，自发运之日起开始计算；电机、电控质保期为5年或30万公里，自发运之日后100天开始计算，以先到爲准。
认证：1、我司负责欧盟认证及EBS标定，费用由客户承担；香港认证由客户自行申请并承担相关费用。2、整改成宣传车后不需要认证。
 贸易方式：EXW（工厂交货"
Biaoshu_2020102701,0,Description,"1.应标车型
8.5米应标车型：GTZ6859BEVB3
10.5米应标车型：GTZ6107BEVB2
2.附件两份：
2.1 标书文件
2.2 技术偏离表
3.请10/27内输入技术偏离项，成本差异在10/28内输出，谢谢。"
PO_2020102002,0,Description,"GTZ6859BEVB3生产编号：49台(L0298——L0346)，1台通线车（L0241）
珠海公交有如下变更
变更内容
①取消司机包围后屏，增加过道屏。优先选择安装736*310*48mm，29.6寸。若因尺寸过大影响通过性，就选择原有的小屏736*230*46，28.6寸。
②增加盲区监测，厂家不指定。
GTZ6107BEVB1 生产编号：L0287——L0296 10台
变更内容
①增加盲区监测，厂家不指定。
②座位数36+1状态3台，41+1状态7台
GTZ6127BEVB1 生产编号：38台(L0249——L0286)，1台通线车（L0239)
变更内容
①取消司机包围后屏，增加过道屏。优先选择安装736*310*48mm，29.6寸。若因尺寸过大影响通过性，就选择原有的小屏736*230*46，28.6寸。
②增加盲区监测，厂家不指定。"
PO_2020110901,0,Description,"附件为广州安迅保诚巴士20台纯电动车产品销售合同、配置表以及合同配置评审会议结论、存在风险点
1、车辆交期为合同签订之日起60天内交付，目前宁德时代产能不足、产品设计资源紧张，车辆交付周期存在风险。
2、轮胎、电动空压机和空调为客户点单项，车辆成本增加，采购按照点单联系方式询价。
3、70%尾款三年分期，分期年限较长货款回收存在一定风险且按审计要求民营企业三年分期需报董事长批准，建议缩短分期时间。
4、汽车研究院会后详细评估车辆配置。
5、项目亏损较多，需升级经营会决策。"
P-06-0087-2020,0,Description,关于6127BEVB1-L056和L043、6107BEVB1-3500100-L058和L059、6859BEVB3-3500100-L046和L057制动系统镀锌钢管和干燥器接头的技术变更 
PO_2020110401,0,Description,"关于珠海公交100台配置变更
GTZ6859BEVB3 50台（生产编号：L0298—L0346 49台，L0241 1台）有如下变更：
1、车内顶更改为广州通达铝合金顶方案 
2、一体化投币机，采购方由广州通达更改为珠海通公司。公司全名：珠海市珠海    通科技有限公司。产品配置、价格、付款方式不变。
3、油漆外观变更见附件
GTZ6107BEVB1 10台（生产编号：L0294—L0296 3台，L0287—L0293 7台）有如下变更：
1、一体化投币机，采购方由广州通达更改为珠海通公司。公司全名：珠海市珠海通科技有限公司。产品配置、价格、付款方式不变。 
2、油漆外观（营销通知暂不变动）
GTZ6127BEVB1 39台 （生产编号：L0249—L0286 38台 ，L0239通线车1台）有如下变更：
1、一体化投币机，采购方由广州通达更改为珠海通公司。公司全名：珠海市珠海通科技有限公司。产品配置、价格、付款方式不变。
2、油漆外观变更见附件 
GTZ6127BEVB 1台（生产编号：120546B 1台）有如下变更.
1、一体化投币机，采购方由广州通达更改为珠海通公司。公司全名：珠海市珠海通科技有限公司。产品配置、价格、付款方式不变
2、油漆外观变更见附件"
PO_2020112001,0,Description,"捷联JL10M-11.9FE6 学童车 出厂编号GTB-2011839m配置评审
1.FOTON BJ6110AVBE6CH 欧6底盘
2.65座，3+2布置"
PO_2020112302,0,Description,"澳门10.9米GTZ6118BEVCF 样车，因终端客户多次反馈我司仪表台造型不美观及通过性问题，现客户正在办理澳门当地认证手续，要求更换此台车仪表台后即可出口，更换仪表台可选用8系右舵开模仪表台（仪表台配色方案需同客户沟通确认）。
更换仪表台相关费用：由我司承担"
PO_2020112301,0,Description,"一、变更原因
第1-3项为客户提出新增配置需求。 
第4项，因技术、采购反馈九龙座椅无法满足客户面料配色要求，现申请改为能满足客户要求的佳雅座椅。
二：变更对象涉及四项：（具体的变更详见附件）
1. 视听系统
2. USB 接口 （详见PDF的补充协议）
3 .WIFI系统
4. 乘客座椅
以上配置变更费用客户承担。"
P-06-0134-2020,0,Description,关于6118BEVC-L067车内灯具门灯数量变更的通知 
P-05-0056-2020,0,Description,关于比亚迪B15弧度卡板制作通知 
P-05-0055-2020,0,Description,关于6716BEVB-L063弧度卡板以及6118BEVC-L067门洞检具制作通知 
P-05-0071-2020,0,Description,关于6126BEVBS-L070弧度卡板制作通知 
PO_2020121402,0,Description,"车工房12米公交车配置变更主要内容：
1.变更原因：内饰颜色搭配需求，变更车内扶手颜色。
2.变更前：Φ35啞光不銹鋼扶手
变更后：Φ35不銹鋼扶手+防滑处理（加喷黄色油漆）"
PO_2020121001,0,Description,"匈牙利合同及配置评审，简要如下：
数量：GTZ6859BEVBF&GTZ6129BEVR各1台

交期：买卖双方签订销售合同且卖方收到买方定金后  150  天内完成装运。

付款：买方应在合同签订后五日内电汇支付合同金额的40%作为定金，余款60%从装运日期当月开始按月等额电汇支付，12个月内付清。
售后服务：1、买方负责车辆当地售后服务，质保期内卖方免费（卖方承担质保备件寄至买方工厂的运费及税费等所有费用）提供质保备件和远程技术服务,卖方不需要向买方结算质保期工时的索赔费用。卖方提供车身骨架、动力电池、电机、车桥5年或400,000公里质保(不含易损件)，以先到为准。其余部件质保按附件2-质保清单规定执行。
               2、买方将随车一起发运一批备件，保障车辆的试运营。该批备件货值为车辆货值的2%。

认证：欧盟整车WVTA 认证。

贸易方式：FOB"
PO_2020120401,0,Description,"各位领导、同事：
      经与客户沟通，确定2020年交付给珠海公交的1台6127样车，配置需要做如下更改，烦请各位审批。
    需要新增变更项目：
 1、增加“中乘客门前挡板上部安装尺寸约27-29寸双面广告屏”
 2、拖把桶改成2020款。
 3、增加过道屏，28.6寸（同2020年款）
 4、“投币机、刷卡机”换成“通达一体式投币机”
 5、录像监控系统由“海康威视”更改成“广州通达”
 7、客流分析系统由“海康威视”改成“郑州天迈”
 8、一键报警功能由“广州通达”改成“湖南晟成”
 9、车载调度设备由“青岛海信”改成“郑州天迈”
 10、ADAS由“海康威视”改成“湖南晟成”
 11、空调滤网换新
 
PS：1、座位数差异不做改动。2、前后路牌若能保证2019年与2020年产品通用，则不做改动"
PO_2020121401,0,Description,"哈萨30台合同及配置评审，简要如下：（客户：甲方  我司：乙方)

数量：30台

交期：2021年3月15日前将车辆达到可提车状态。


付款：双方签订合同后5个工作日内汇付40万美元作为首批预付款，双方签订合同后30天内汇付160万美元作为第二批预付款，发运前5个工作日内汇付全部合同余款。

售后服务：1、货物到达哈萨克斯坦后，乙方将派技术人员前往哈萨克斯坦现场完成合装、调试和标定，确保车辆能正常驾驶。2、甲方负责合同车辆在当地的售后服务并承担相关费用。质保期内配件由乙方免费提供至哈萨克斯坦境内。

认证：无。

贸易方式：EXW（工厂交货）
合规条款：无，需另签保证函或走告知函形式。
详细请查收附件并批示，谢谢

备注：
该合同已通过会议评审，并按会议评审意见修改，合同内容与会议评审一致，客户已确认，请各成员在1个工作日之内（12月14日17点前）完成Teamshare会签流程，谢谢配合。
否则将按2020年4月15日下发的红文“关于规范营销合同（标书）管理行为的通知”执行"
P-06-0197-2020,0,Description,关于6716BEVB-L063深圳巴士行驶系统（高配6716BEVB-1800-L063）升版的技术变更 
PO_2020122301,0,Description,"信达9.5米GTZ6951BEVBF 外后视镜及面漆颜色的配置变更申请：

澳门9.5米信达库存车转售一台，购销合同客户正在审核，预计下周三前回签，因终端客户提出外后视镜及面漆颜色变更需求，现提出以下配置变更申请：
1.后视镜:
变更前技术状态:兔儿式外后视镜，电动调节带除霜功能
变更后技术状态:常州凯凌KW19款，右短左长铝杆式外后视镜，手动带电除霜。
2.面漆:
变更前技术状态:面漆现库存车实车为白色
变更后技术状态:按照客户提供油漆样板（客户已提供油漆三罐）
以上变更对应我司车辆为：电机编号18090608，VIN 码：L66BBF5H1L1000242（请确认实车是否有打此码）,请协助安排，谢谢"
PO_2020122302,0,Description,"金莎8台合同及配置评审，简要如下：（客户：甲方  我司：乙方）
数量：8台（GTZ6128BEVCF），详见附件，谢谢。"
P-24-0128-2020,0,Description,关于6129BEVBF1-L072车型底盘模块图纸和BOM清单的发放通知 
P-05-0084-2020,0,Description,关于6118BEVC-L067安全门弧度卡板制作通知 
P-06-0198-2020,0,Description,关于6716BEVB-L062深圳巴士行驶系统（标配6716BEVB-1800-L062）升版的技术变更 
PO_2020121701,0,Description,"客户要求，侧面喷漆字体由“珠海公交”更改为“珠海观光旅游巴士”；
共10台，厂里已完工9台，需增加并从公交调回1台更改喷漆字体；
调回1台车辆信息：车牌号：粤C 03900D；VIN：L66CB6096K1ZX3023；生产编号：100008B；"
PO_2020122201,0,Description,"GTZ6126BEVBS:样车
为了完善双层巴士附件使用功能，提升客户满意度，现在在珠海公交双层巴士首台样车上增加“上层有线和无线一体麦克风”的配置"
P-05-0079-2020,0,Description,关于6120E3CF1-L017玻璃窗弧度卡板制作通知 
PO_2020122801,0,Description,"罗马尼亚样车在乌兹别克试运行协议评审 :

在此项目中，我院前期输入给技术文件有：

1.附件1-车辆配置_中文版

2.附件2-充电桩_中文版

注：充电桩的功率，营销在审批流程“TP2020122831683-罗马尼亚样车在乌兹别克试运行协议评审 ”中，回复按:80KW.

3.附件8-验收报告_中文版

    请核实以上数据是否还有需调整的参数， 如果有请反馈。"
PO_2020122202,0,Description,"主要内容： 
一、变更原因： 
终端用户新增需求。
  
二：变更内容： 
序号 项  变更后技术状态 
1 充电插座
变更前技术状态: 歐標，單充直流充電座，位於右後側
变更后技术状态  :歐標，双充，直流充電座，左、右後側后侧各一个

2 電子控制空氣懸架系統ECAS
变更前技术状态: WABCO ECAS，带侧跪功能
变更后技术状态:WABCO ECAS，带侧跪功能，中门内侧预留ECAS控制操作开关的安装位置及线束（公交车不安装此开关，方便宣传教育车加装此开关）"
PO_2020123002,0,Description,"一、变更原因：

因客户指定供应商“广州市泉江影音器材有限公司”的车载电视未按要求尺寸送货，技术要求17寸，实际到货18.5寸；与供应商确认目前17寸的屏无现货，采购周期长。经我司内部沟通确认：18.5寸电视可安装至该项目6118车型，成本和原来一样，无增加。

二、变更内容：
变更前技术状态：车载电视17寸
变更后技术状态：车载电视18.5寸
变更成本： 无增加
备注：
项目经理：蒋昌军"
PO_2021010501,0,Description,"我司自制样车GTZ6118BEVCF样车，客户正在办理澳门交通事务局报备手续，手续通过后即签订购销合同及安排出车。因前期工艺及采购有反馈油漆采购周期较长，为避免影响交车，现申请提前安排油漆采购、喷漆工作。

以下是澳门电车GTZ6118BEVCF面漆颜色配置变更申请（原白色油漆是2020年6月1日为更好展现样车外形设计效果，与研究院联合申请用库存白色油漆所喷，详见附件）：
面漆颜色
变更前： 白色（进口，油漆工艺参考香港旅游巴士）
变更后： 橙色（进口素色漆，颜色同客户提供油漆样品颜色，油漆工艺参考香港旅游巴士） 

以上变更面漆产生的相关费用由我司承担，请抽空审批，谢谢."
PO_2021010701,0,Description,"珠海观光旅游巴士客户反馈，因导游及游客使用需要，我司交付的定制公交需加装有线无线一体麦克风；

适用车辆：2019年合同中的10台定制公交（已交付）；2020合同中的10台定制公交；

成本估算：每台300元左右；"
PO_2021011901,0,Description,"澳门10.9米_GTZ6118BEVCF_合同及配置的审批：
合同中附的配置表，详见附件。"
PO_2021011902,0,Description,"一、客户名称：
广州安迅保诚巴士有限公司（广州机场快线）

二、变更车型和数量：GTZ6118BEVC，1台

三、变更原因：
客户要求GTZ6118BEVC （共15台）其中的1台车加装电子后视镜（建议加装在交付的最后一辆车上），由客户提供该配件，我司只需配合技术对接及安装，无增加成本，申请配置变更。 

四、变更内容：
变更前技术状态：无 电子后视镜
变更后技术状态：加装 电子后视镜
变更成本： 无增加

备注：项目经理 蒋昌军"
PO_2021011502,0,Description,"目前采购部在处理捷联839BOM时发现，8215-01096司机护栏和8215-01095乘客护栏供应商为瑞昌。
但是瑞昌不是我司体系内供方，最后一次订购为2015年5月13日。且当时订货存在最小起订量问题。
经过沟通技术部门工程师杨平（工），建议上述两款物料更换为东南骏粤的8215-00436司机护栏总成和8215-00435 乘客护拦总成。
海外营销同事将变更信息同捷联沟通后。捷联顾总回复：后续捷联车型所有护栏都可以采购东南骏粤。
还请各位领导及相关同事知悉，并协助采购部进行变更，谢谢"
PO_2021022601,0,Description,"希腊2台（GTZ6859BEVBF1，GTZ6129BEVBF1）合同及配置的评审，评审文件，详见附件，谢谢。
注：需在0.5天内输入评审意见，谢谢。"
PO_2021013001,0,Description,"1、配置变更原因：原库存样车配单冷松芝空调，客户需要变更为松芝冷暖空调（PTC加热），用以满足长沙冬季车内的制热需求。
2、变更内容
（1）变更项：空调
（2）变更前状态：松芝，单冷，制冷量28000kcal/h，带空调指示灯，带EMC证书
（3）变更后状态：松芝，单冷，制冷量28000kcal/h，带空调指示灯，集成PTC加热
以上变更 经与客户沟通，客户愿意在原有车辆售价基础上增加1.5万元，并签署补充协议。"
PO_2021031201,0,Description,"应客户香港认证及使用要求，现提出配置变更如下：
乘客座椅
变更前：维嘉，型号：380/3+2 乘客座椅（仿皮），3+2布置，带头枕广告袋；每个乘客座椅配备一个USB，USB安装在侧围上，带网兜，带挂钩。。
变更后：维嘉，型号：380/3+2 乘客座椅（仿皮），3+2布置，带头枕广告袋；每个乘客座椅配备一个USB，USB安装在侧围上，不带网兜，不带挂钩。
乘客座椅安全带
变更前：第一排、安全门处一排、五人座中间座椅三点式安全带；其余乘客座椅两点式伸缩安全带。
变更后：整车乘客座椅均为两点式伸缩安全带
点烟器
变更前：新增一个点烟器（司机驾驶区域，方便司机使用）"
PO_2021030401,0,Description,"1.动力电池系统	:

变更前：宁德时代、磷酸铁锂，L173C01*3箱，系统总电压608.58V/173AH，总电量105.28kWh、能量密度：≥135Wh/kg；液冷
变更后：	宁德时代、磷酸铁锂、电量：121.13kwh ，电压：531.3V/228AH，电箱组合情况：L228C01*1+L228G01*3，冷却方式：空调集成液冷""

2.标配座位数	
变更前：  7+1
变更后：	5+2(翻转座椅)+1

3.外形尺寸（mm）
变更前：	5995*2050*2610（暂定）
变更后： 	6005*2065*2770(暂定)"
P-06-0143-2021,0,Description,关于6859BEVBF德电项目车身骨架优化的通知 
PO_2021031501,0,Description,"以下韩电10.9米改造配置变更：
1、电池电量由234.82KWH（611.52V/384AH，共6箱组成）变更为  宁德时代，磷酸铁锂，电压608.56V/519AH，电量315.9KWH，9C箱，液冷  ；
2、座椅数由21+2+1，变更为：24+2+1；
3、右侧轮椅区移至左侧，2个轮椅区都在司机侧。
4、由于上述第1、2、3条变更，造成以下系统更改（包括但不限于）：顶置电池罩、电池托架、顶盖骨架、顶盖蒙皮、空调、天窗、顶内饰等系统更改，具体以技术通知单为准。未更改的部分以样车实际状态为准。
改造费用客户承担，商务合同已签，补充协议评审中，已收到定金。"
PO_2021031901,0,Description,"德电8.5m样车轮罩配置变更
轮罩
变更前：有（前轮罩，不锈钢抛光，19.5英寸，孔间尺寸275mm）
变更后：有，前轮罩，客户自带"
PO_2021031701,0,Description,"深圳轻舟智航智能驾驶1台GTZ6555BEVB合同评审,评审技术资料详见附件。
谢谢。"
PO_2021031502,0,Description,"1、蓝色系内饰配石英砂地板4台（M0005-M0008），咖色系内饰配桃木纹地板5台（M0009-M0013）
2、增配残疾人翻转踏步；
3、前车门（内摆门）用广州通达；--此项变更取消_20210315。
4、展示柜用透明玻璃加窄边方案 

注：重新上传V1版的变更附件，原因：取消“前车门（内摆门）用广州通达”的变更。"
PO_2021033001,0,Description,"1. 结合标书及附件含的技术要求，对车工房改宣传车的配置进行核实，详见相关附件；
2.请大家在2021/4/1（即本周四）之内反馈意见，谢谢。"
PO_2021032601,0,Description,"关于乌克兰1台车(GTZ6129BEVBF1)合同评审前的配置评审：

一、发起评审的背景：

      乌克兰一台订单，准备签合同。

二、要求评审完成的时间：

       要求周一（2021/3/29）下班前完成

三、相关的需求及信息说明：

1. 客户需求为在罗尼亚25台车（GTZ6129BEVB1）的基础上实现，配置大致一致，但是要求后桥载荷不超

过11.5T，满足30+2+1，一个轮椅区的前提下，载客人数70以上。


2.附件中标红的为与此前配置不一样的地方，此部分，需重点评审配置描述是否准确及是否可以实现。

3.属于高寒地区。
      
      谢谢。"
PO_2021032401,0,Description,"GTZ6129E4BF_阿联酋公交配置的评审：

    针对阿联酋12米公交，即将进行公司层级的合同配置的评审，为提高其评审的高效性，现对其配置进行提前评审，详见附件，请各位反馈意见，谢谢。

注：
整个配置基于原阿联酋公交订单的配置上降配，相比2020年的41台车，有如下方面的调整：
1：侧窗玻璃改为浅灰色玻璃
2：座椅改为公交座椅，见附件
3：去掉路牌，预留线束
4：去掉1个电视机
5：去掉录像监控系统，预留线束
6：去掉报站器和喊话器，预留线束
7：预留ITS系统线束（客户提供）"
P-24-0069-2021,0,Description,关于6555BEVB-M013车型底盘模块图纸和BOM清单的发放通知 
PO_2021032402,0,Description,"9台双层巴士配置变更申请（增加VR眼镜）：

应客户要求，每台双层巴士增配2台VR眼镜."
PO_2021040702,0,Description,"车工房12米纯电动公交巴士拆除折叠座椅的配置变更
轮椅区
变更前：中门对面1个轮椅区，2个折叠座椅；轮椅区带残疾人靠背及安全带，安全带带E-mark标识
变更后：中门对面1个轮椅区，取消2个折叠座椅；轮椅区带残疾人靠背及安全带，安全带带E-mark标识

备注：1.拆除折叠座椅区域的8个座椅安装螺丝孔，我司协助出方案，可不换侧围装饰板，单需协助尽量处理美观。                                              2. 拆下的2个折叠座椅请协助交给高宝黄总。谢谢！"
PO_2021040101,0,Description,"在合同评审前，关于罗马尼亚8.5米车（GTZ6859BEVBF）标书及配置的评审：

 一、 评审的背景：营销反馈获得罗马尼亚市场的3台8.5米订单，经沟通此订单在匈牙利8.5米基础上编制产品方案。
二、当前需求：

目前初版配置表已经基于匈牙利配置编制完成，请大家基于标书要求对标书及初版配置进行评审：

1.确认标书中需要沟通和无法响应的内容；

2.更正、优化、完善初版配置表。

 
因项目紧急，请在4月6日（下周二）下班前完成反馈，谢谢。"
PO_2021041201,0,Description,"1.针对此合同，对于其中的配置，在2021/3/26已经发起了其内部的评审（流程编号为：PO_2021032601）；

2.对于评审之后调整的项，已经与对应的产品经理、总布置、系统工程师等进行了沟通确认；

3.此次不再重复评审，仅仅上传存档。"
PO_2021041501,0,Description,"1.徐闻5台8.2米公交合同配置评审,详见附件。
2.请在2021/4/16 16:00之前 反馈评审意见。"
PO_2021041502,0,Description,"GTZ6117BEVBF(韩国10.9m车）的变更：
1. 10.9米和9米样车返厂时均缺一套后视镜，现新增一套后视镜，两台车共用。费用客户承担，含在9米车改造合同里。
2. 取消安装轮椅区2个折叠椅。
3.新增车内标识"
PO_2021051901,0,Description,"关于1台样车（GTZ6126BEVBS_）转湖南临澧的变更：

1.按临澧客户要求变更油漆图案；
2.修复破损内饰；
3.交付时间为6/11日

注：
1.变更附件：无;
2.评审内容仅仅存档，不展开评审原因：

第1项“按临澧客户要求变更油漆图案 ""的回复：同意按临澧客户的要求更新油漆图案，但是该图案的状态未锁定，请加速 我司和客户达成一致意见；
第2项”修复破损内饰“的回复：无具体的修复事项，仅有一个修复的范围，指示不明确；如果此处的”修复破损内饰“特指 ”完检下线评审问题清单”，此有相应的评审机制（含问题事项的关闭机制）。"
P-05-0115-2021,0,Description,关于搭载英格索兰打气泵车型加装安全阀的补充通知 
PO_2021042801,0,Description,"珠海公交20台双层巴士合同评审：

1.相关的评审文件，详见附件；

2.因在应标期间，已经输出《技术方面需沟通的事宜》，请结合 本次的技术协议（技术协议与原标书中技术条款保持一致，即相同），核实 附表《技术方面需沟通的事宜》是否还需补充或更新；

3.如果有疑问或需补充的事宜，请在明天（2021/4/29）10:00AM之前反馈，谢谢。"
DOC-0002066,0,Description,OPH2020111622FSC   项目验收单-车联网监控平台-第一节点第一阶段验收用章申请
PO_2021042301,0,Description,"关于GTZ6616BEVB-样车配置变更（司机隔离栏加高）

GTZ6616BEVB样车司机隔离护栏较低，无法有效隔离乘客，申请变更加高翻护栏，请产品部调整方案，以便司机围门可有效隔离乘客，保障安全

司机隔离护栏
变更前：司机隔离护栏较低，无法有效隔离乘客。 
变更后：加高翻护栏，请提供更改方案，以便司机围门可有效隔离乘客。"
PO_2021051001,0,Description,"一、GTZ6128BEVCF（旅游车）_巴基斯坦项目_的合同及配置的评审：
1.底盘配置：详见附件一，由甲乙丙三方确认（甲方：Horizont Technology  乙方：浙江金驰  丙方：中兴智能汽车），并签章给丙方（ 丙方：中兴智能汽车）
2. 纯电动旅游巴士车身配置：详见附件二，请对此输出评审意见。

注：车辆无需做认证，详见合同 的第1.2条

二、7米中巴_巴基斯坦项目的合同评审： 不涉及我院的评审，知悉合作模式即可。
7米纯电动中巴，乙方负责按照甲方的要求，设计、生产并送车至甲方指定的港口，丙方只负责该车辆以丙方的名义办理出口清关、收款等与该车辆需要协助的清关工作，并向甲方收取管理费用，管理费用为该车含税价的2%。

三、请在今天（2021/5/10）17:00之前输出评审意见，谢谢。"
PO_2021051301,0,Description,"针对珠海公交的双层BUS，8国语音系统有如下的变更：

       应客户要求，双层巴9台车批次取消一楼中门对面一排5座位的8国语音系统安装；

10台车批次取消一楼所有座位的8国语音系统安装；二楼按原设计保留；

注：营销发起的teamshare中无变更附件，所以此处无附件。"
PO_2021043001,0,Description,"捷联020车型20台合同及配置评审

此次不展开评审，仅仅上传存档，原因：

1. 此配置与已经下发4台配置是保持一致的；

2.此合同属于我司与捷联签订的框架合同，"
PO_2021050801,0,Description,"金莎关于变更油漆方案的协议约定：（甲方：金莎   乙方：中兴智能汽车）

乙方按甲方确认的新油漆方案（附件一、金莎6128新油漆方案）进行施工。

甲方需支付乙方重新喷漆施工的相关费用，合计两万元人民币整。乙方收到甲方支付费用后，在15个工作日内完成施工。

详细请查收附件并批示，谢谢"
PO_2021052101,0,Description,"根据《融资租赁物买卖合同》【合同编号：XBGQ-CG-2020023QT】车辆技术协议条款“调度终端维护（含附属设备）运维费用由甲方直接支付给丙方确定的设备配套商。同时，甲方与设备配套商及丙方签订三方协议对有关事宜进行明确约定。”（甲方指深圳市西部公共汽车有限公司、乙方指郑州天迈科技股份有限公司、丙方指深圳市金兴通汽车销售有限公司）

  附件是深圳西部公交与郑州天迈科技股份有限公司和深圳市金兴通汽车销售有限公司需要签订的关于2020年的35台车载调度终端技术服务合同。

  郑州天迈科技股份有限公司就35台车载调度终端直接为西部公交提供运维及维保的专项技术服务，并由西部公交向郑州天迈支付相应的技术服务报酬。"
DOC-0002110,0,Description,OPH2020111622FSC   项目验收单-车联网监控平台-第一节点第二阶段 用章申请
DOC-0002110,0,Description,6616BEVB-M023新物料开发申请表（江苏惠民-气动塞拉门）
P-24-0150-2021,0,Description,关于6121E6CF-M024造型及内饰模块图纸及BOM的发放通知 
P-24-0142-2021,0,Description,关于6121E6CF-M026造型及内饰模块图纸及BOM的发放通知 
PO_2021060302,0,Description,"珠海公交1台双层巴士更换天窗贴膜:

应客户要求，9台双层巴士的天窗隔热膜，选出1台（M0009，粤C06300D）更换为万顺新材的隔热膜，测试效果；
请审批，谢谢。"
PO_2021060402,0,Description,"深圳市海梁科技有限公司合同及配置评审简要如下：
型号：GTZ6605BEVB1
数量：2台
交期：自合同签订且定金到达乙方指定账户之日起 60 个自然日交付
注：客户要求在配置中免费增加侧窗帘（成本约200元/台车）"
PO_2021060802,0,Description,"一、针对市场部发起的本次评审，不再进行研究内部的评审，但存档与此，不再评审的原因：
我院已经提前1天完成评审（PDM_的评审号：PO_2021060401，评审输出日期为：2021/6/7）

二、
在teamshare中输入的评审意见为：
在合同评审会议（2021/6/7）之前，已把核实后的配置提供给关联部门，但如下的配置仍需按此调整: 
1.充电座：需在配置中体现客户与我司是代购关系；
2.司机包围:调整后的状态为“司机后包围+司机围门，司机后包围玻璃不可透视”；
3.顶内饰板：调整后的状态为“铝板成型顶板”；
4.后舱门：调整后的状态为“玻璃钢，六连杆铰链，气弹簧”；
5.踏步灯：调整后的名称为“踏步照明灯”（配置参数“单个圆形射灯”保持不变，仅仅调整与参数对应的配置名称）； 
6.全车标识：中文的描述调整后的状态为“全车标识不适用汉语标识，其中部分英文标识，部分标识为德文”（英文的表述是准确的）； 注：其中关于第2条，3条，4条和5条的调整在2021/6/4组织的会议中已经沟通；另第1条与第6调整在2021/6/7邮件反馈的数据中已经体现。

营销同意按以上意见调整，详见审批流程 TP2021060835322。"
PO_2021061501,0,Description,"捷联_GTZ6121E6CF_配置评审_1台
附件为捷联JL020 学童车 合同编号为S2HK21042207T，出厂编号ZSTB20-2104010的配置，请各领导审批！"
PO_2021060801,0,Description,"阿联酋10（GTZ6129E4BF）合合同及配置评审:

阿联酋合同及配置评审，简要如下：

数量：10台（GTZ6129E4BF）

认证： GCC

交期：买卖双方签订销售合同且卖方收到买方定金后  60  天内达到交付状态。

付款：买方应在合同签订后十五日内电汇支付合同金额的30%作为定金， 余款70%在装运日期前七日内以 T/T 或者经卖方确认的不可撤销即期信用证的方式付清，付款手续费由双方各自承担。如果买方未履行本合同约定的义务，则无权收回定金。(买方需在双方签署销售合同前将信用证开证行swift code、信用证模板转发卖方确认)。

售后服务：质保周期：车辆注册后24个月或从车辆发运后算起27个月，或者最多200000公里；其中任一先到为准。

贸易方式：FOB

评审时间要求： 请在2021/6/9 14:00之内输入评审意见，谢谢。"
PO_2021060401,0,Description,"德电8.5米样车（GTZ6859BEVBF)合同版配置的确认：
    
1.  针对我司制作的德电8.5米样车，因需与客户签订合同，需对其配置进行确认。
   
2  .附表中黄色的部分，需核实及反馈。
    
3. 请在2021/6/7 14:30AM之前反馈，谢谢。"
PO_2021060301,0,Description,"一、湖南临澧一台双层巴士合同评审，不展开相应的评审，原因如下：

1.市场部反馈：
1.1 这个车实际上是赠送给客户的，但是不能直接赠送，所以就拟订一个0.1万元的合同的形式；
1.2 车辆需运营，需上牌，上牌需合同的支撑；

2.此与客户签订的合同与 我司下发的PO的内容，经核实是一致；

二、PDM系统存档，便于查阅"
PO_2021062101,0,Description,"捷联GTZ6121E6CF(订单号：S2M036)配置变更申请:
底盘型号信息有误，仅对信息进行勘误，不影响实际的配置，具体如下：
底盘               
变更前技术状态: SCANIA  K360IB4X2NB 底盘（scania变速箱） 
变更后技术状态:SCANIA  K410IB4X2NB 底盘（scania变速箱）"
DOC-0002240,0,Description,"珠海公交GTZ6129BEVB1车门故障
珠海公交GTZ6119BEVB示廓灯灯线短路问题"
DOC-0002243,0,Description,"深圳西部公交204台批次GTZ6859BEVB
1.制动气压下降快
2.打开车辆点火开关才能进行充电，车辆充电期间整车通电。"
PO_2021062201,0,Description,"湛江汽运2021年车辆采购项目招标文件:
应标车型:GTZ6655BEVB
应标台数：12台
标书：详见附件
应标任务：详见附件"
PO_2021062801,0,Description,"乌克兰1台(GTZ6129BEVR)合同及配置第二次评审:

一、背景介绍：
       
1）此项目公司在 2021/4/9发起了第一次的合同配置评审，

2）接着，营销在2021/6/17提出了部分配置调整的需求，针对 调整项，进行了初步的沟通并达成一致意见；

二、当前的需求：

在初步沟通达成一致意见之后，现发起正式的评估；

1 ） 请评估技术可行性；
2）  请法规室评估，基于4月份输出的拓展费用，本次涉及的认证拓展费，是否有增加，如果有增加，请务必反馈；

三、评审反馈时间 ：2021/6/29  16:00PM 之前。
       谢谢。"
PO_2021070501,0,Description,"北京轻舟合同简要如下：

车型：GTZ6555BEVB

数量：10台

交期：自合同签订且定金到达乙方指定账户之日起 60个自然日交付

客户需求：详见_附件_《车辆定制化开发技术协议》

配置表：详见 附件_轻舟_GTZ6555BEVB_配置表

评审时间要求： 请在2021/7/6  09：30AM之前完成评审"
PO_2021071401,0,Description,"关于深巴样车申请变更，其中
1、GTZ6706BEVB, 1台，涉及2项变更；
2、GTZ6616BEVB, 1台，涉及4项变更；
详细变更内容，请查收附件《配置变更表》和《深圳巴士样车建议反馈项》（标黄的表为要求整改的项目）。要求7月30日前完成所有整改"
PO_2021071301,0,Description,"在海梁两台订单车项目中（GTZ6605BEVB1-S1M035（M0044、M0045）），因海梁客户自带的自动驾驶系统传感器方案变更，导致相对订单S1M006 （生产编号M0001）激光雷达传感器的支架和罩子需要变更，其中4个激光雷达罩子开模预计3500元，前后围改产品（更改开缺口的位置）预估1000元，总计两台车增加4500元左右。

       为确保及时调整设计方案并正确采购， 配置需相应调整，详见附件；"
PO_2021071302,0,Description,"关于捷联GTZ6121E6CF _5台车配置表的审批 
1.底盘VOLVO   B8R ：1台；
2.底盘 FOTON   BJ6ZX11D  :1台
3.底盘 SCANIA   K360IB4X2NB  ：1台
4.底盘 ISUZU   LT434C-6S-VI-AT :2台"
PO_2021071303,0,Description,"巴基斯坦12米客车6128BEVCF配置LOGO和铭牌变更
客户指定LOGO和铭牌为浙江金驰，由广通G变为金驰标，铭牌换为金驰的，金驰提供logo和铭牌物料"
PO_2021071502,0,Description,"一、客户指定用浙江金驰的LOGO和铭牌，需要预留位置把金驰LOGO和铭牌装上去，已经与金驰沟通好，得到金驰的同意。

注： 第1项变更内容 ，相关人员 已经审批，本次不再重复审批（审批号为 ：PO_2021071303)


二、底盘在金驰设计制造的时候，备胎升降器托架总成、摇杆支架和拖钩未焊装正确，由于前期技术对接和交期时间赶的原因。现在金驰已经把这些物料（1.备胎升降器托架总成 2.摇杆支架 3.拖钩）免费寄到了工厂。需要生产部改制或加装上去。

注：本次仅需对 2项变更内容审批"
PO_2021080601,0,Description,"波兰_2台_的标书，应标车型: GTZ6129BEVBF3 _罗马尼亚二代

一、应标输出物有：

1.标书响应表;
2.配置表；
二、输出物要求的时间：8月11日前"
PO_2021072601,0,Description,"一、对于意大利项目的应标，我司应标车型两个：
1. 12m车型： 罗马尼亚二代 _ GTZ6129BEVBF3
2. 8m车车型：GTZ6859BEVBF1

二、标书，详见附件。

三、其它
1.  需答疑/沟通的项，需大家尽量 在本周27日上午12点前反馈，便于 合作方在30日进行统一答疑；
2.  本次截标日为上午8月4日 上午11:00，相应技术文件的提供截止日期线下沟通。"
2021081201,0,Description,"1、matlab自动驾驶函数及应用
2、从机器学习到无人驾驶"
PO_2021081101,0,Description,"香港7米柴油中巴合同及配置评审简要如下：


一、型号：GTZ6755E6CF

二、数量：1台

三、交期：底盘应于10月31日前到达乙方工厂，整车于2022年03月31日前完成装运，否则按底盘到达时间顺延。


四、该合同已通过会议评审，部分会议评审意见客户不同意修改，具体如下：

1、车辆型号：

研究院提出：车辆型号应改为GTZ6785E6CF，

营销与客户确认后反馈：客户要求保持原车型GTZ6755E6CF，原因：客户已用GTZ6755E6CF在香港备案

2、车辆品牌及铭牌内容确认：

营销答复：合同上品牌方便物流出口，车上是否贴我司logo可后面与客户确认

                  车内铭牌可用底盘自带VIN码
五、需在8/12日 12:00之前反馈评审意见，谢谢."
PO_2021080902,0,Description,"哈萨500台整车 +   4台底盘合同及配置评审， 简要如下：（客户：甲方  我司：乙方）

一 、数量：500台（GTZ6129BEVG）  4台底盘（GTZ6129BEVBFRD）

二、 交期：
乙方在交付周期生效日起150天内完成首批100台公交车和4台公交底盘的发运，

其中20台套KD公交车物料在交付周期生效日起60天内完成发运。余下的合同货物发运安排由双方另行协商确认。
（备注：交货周期生效日为乙方的信用证通知行收到甲方开立的本合同信用证之日。）

三 、付款：
1、甲方开立不可撤销的即期信用证给乙方作为作合同付款，双方手续费各自承担。
2、甲方可据其交付要求分别多次开立信用证给乙方。在双方签订合同后5（伍）个工作日内，甲方须据乙方确定的信用证稿开立首批100台车（No.1~100）和4台底盘（No.501~504）的信用证。

售后服务：整车售后质保周期为2年或15万公里，电机和整车控制器为5年或30万公里，动力电池为8年或50万公里，以先到为准，合同未提及内容按附件4《质保清单》执行。


四、贸易方式：

500台DAP 哈萨克斯坦 阿拉木图；

4台CIF 印度孟买Nhava Sheva 港口。

五 、请在 2021/8/9 16:00之前输入评审意见，谢谢."
PO_2021080901,0,Description,"关于捷联JL020学童车_新增_3台车的配置审批,相关事宜如下：

一、数量：3台

二、订单号：S2M045、S2M046、S2M047

三、捷联出厂编号：ZSTB20-2103008、ZSTB20-2107013、ZSTB20-2107014

四、订单类型：3台均为MTO

五、客户要求交付日期：

编号ZSTB20-2103008（SCANIA)）在2021年9月25日前交付
编号ZSTB20-2107013（VOLVO）、ZSTB20-2107014（VOLVO）在9月30日前交付"
PO_2021082501,0,Description,"罗马尼亚Craiova30台12米车项目:

一、背景介绍：该标书是2020年的标书，且我司已经中标；

二、根据我司应标响应的状态（详见附件），输出罗马尼亚一代、二代车的响应状态，需大家按附件填写即可；

三、输出数据要求：今天(2021/8/25 )内输出.
     谢谢."
DOC-0002455,0,Description,"1、接口定义表
2、通讯协议
3、故障码表
4、系统方案
5、定版软件代码"
DOC-0002449,0,Description,"1、接口定义表
2、通讯协议
3、故障码表
4、系统方案
5、定版软件代码"
DOC-0002450,0,Description,"1、接口定义表
2、通讯协议
3、故障码表
4、系统方案
5、定版软件代码"
DOC-0002451,0,Description,"1、接口定义表
2、通讯协议
3、故障码表
4、系统方案
5、定版软件代码"
DOC-0002453,0,Description,"1、接口定义表
2、通讯协议
3、故障码表
4、系统方案
5、定版软件代码"
PO_2021082001,0,Description,"根据捷联客户的需求，提出配置变更申请，相关事项产品经理已与客户对接，简要描述如下，具体请查阅附件变更单，请领导批示，谢谢！
1、地板：发动机处检修盖加宽至结构允许的最大宽度，可改成单层密封结构；从JL020车型第6台车开始变更。
2、扶手：最后排四人座中间增加扶手，客户已提供照片；
针对捷联JL020车型所有订单，已发车的直接发料给客户，未发车的都要安装扶手"
DOC-0002452,0,Description,"1、接口定义表
2、通讯协议
3、故障码表
4、系统方案
5、定版软件代码"
DOC-0002444,0,Description,"1、接口定义表
2、通讯协议
3、故障码表
4、系统方案书"
DOC-0002446,0,Description,"1、接口定义表
2、通讯协议
3、故障码表
4、系统方案
5、定版软件代码"
DOC-0002454,0,Description,"1、接口定义表
2、通讯协议
3、故障码表
4、系统方案
5、定版软件代码"
DOC-0002456,0,Description,"1、接口定义表
2、通讯协议
3、故障码表
4、系统方案
5、定版软件代码"
P-TM-06-0062-2021,0,Description,"变更主题	关于6899BEVB减速油型号更改技术变更"
DOC-0002448,0,Description,"1、接口定义表
2、通讯协议
3、故障码表
4、系统方案
5、定版软件代码"
DOC-0002445,0,Description,"1、接口定义表
2、通讯协议
3、故障码表
4、系统方案
5、定版软件代码"
DOC-0002447,0,Description,"1、接口定义表
2、通讯协议
3、故障码表
4、系统方案
5、定版软件代码"
PO_2021090201,0,Description,"附件为捷联JL020学童车（合同编号为S2HK21042207T）配置表
一、新增的1台底盘为ISUZU 的捷联客户订单；
二、整车配置表，详见附件；
三、需大家今天（2021/9/2）下发 15:00之前输入评审意见，谢谢."
PO_2021082702,0,Description,"一、韩国JJ9米合同概要如下：

附件条件：甲方应在合同签订后十五日内电汇支付部分货款作为定金，2021年9月30日前再支付货款，车辆余款按4.1的交付时间分别在装运日期前七日内付清。

装运条件：订单分3批交付。第一批5台，须在甲乙双方签订销售合同且乙方收到甲方定金后 45 天内达到交付状态。第二批交付10台，须在收到甲方定金后 75 天内达到交付状态。第三批交付15台，须在收到甲方定金后 90 天内达到交付状态。如因甲方配置状态调整影响交期，交付时间则以甲乙双方另行协商为准。

二、评审意见：需在2021/8/27内反馈，谢谢."
PO_2021082601,0,Description,"韩电9米车下车铃原为预留线束，客户在当地安装。

由于考虑到此物料在当地需从其他整车厂采购等不可控因素，很难采购。

经与客户沟通确认，批量车需我司在国内采购并安装。

相关成本增加由客户承担"
PO_2021083102,0,Description,"深巴6米、7米段招标
一、标书要求：详见附件；
二、标书反馈 :明天（2021/9/1 ）12:00之前反馈；"
PO_2021082703,0,Description,"捷联JL020首批四台车（已发车），订单号S2M024-S2M027的变更情况简述如下：

1、现状：该四台车的配置表中描述录像监控系统预留线束，客户实际要求安装摄像头（从第五台车已按要求执行）

2、需求：现客户提出要购买录像监控系统和摄像头发到香港安装。具体按配置变更单内容执行。"
PO_2021090101,0,Description,"经与研究院和客户沟通确认，为优化后续车辆噪音，将无油活塞空压机换为有油活塞。相关费用增加由客户承担。
电动空压机  由“无油活塞空压机（待定）”调整为“有油活塞空压机”"
PO_2021090102,0,Description,"70台10.8米罗马尼亚标书：


 一、项目背景： 
1、该项目去年(2020)由我司代理自行运作投标，现已中标； 
2、我司目前无对应车型，暂按罗马尼亚6129BEVBF3平台车为基础车型，评审出无法实现的项目。 

二、项目联系人员：
 杜工为改项目的产品经理，总布置工为黄工（宇太），有疑问，及时联系。

三、完成时间要求：2021/9/2 4:00PM之前输入评审意见，谢谢"
PO_2021083001,0,Description,"附件是营销输入的关于波兰市场的2台8.2-9米电动公交的标书，对应我司8.5米车型，需初评标书中具体要求是否满足.

一 ）标书要求，详见附件；

二）初评标书是满足，要求在明天（2021/8/31）16:00PM之前输入，谢谢."
PO_2021092301,0,Description,"最开始签订9米样车合同时，已与客户确认每台车附赠一套轮椅固定装置。
前期会议确认生产物料直接写在配置内下发，样车配置有写，此5台车没有，因此申请变更补充此配置。

此物料为赠送件，费用含在成本内。如果物料晚到货未能随此5台车发运，可随后面车补发。"
PO_2021091302,0,Description,"意大利12米招标：

一、应标车型:GTZ6129BEVBF3_罗马尼亚二代车

二、反馈时间要求：2021/9/17之前输出响应意见及应标技术文件"
PO_2021091401,0,Description,"韩电9米5台车轮胎配置变更申请

已发走的韩电9米样车（255轮胎）原计划在当地认证时更换为与后续批量5台车一样尺寸的轮胎（275轮胎）。

更换后客户反馈前轮与轮罩相碰有干涉，需改造后才能行驶。根据研究院提供的整改方案，客户无法自行处理。

经与客户确认，为保证本月底认证正常进行，按现样车状态不更换轮胎。因此，后续5台批量车需更换与原样车尺寸一致的轮胎。变更后成本比变更前便宜，不涉及成本增加。"
DOC-0002531,0,Description,"珠海公交2020年100台批次公交监控平台没有显示转向及刹车
信号反馈单"
PO_2021090901,0,Description,"厄瓜多尔1台底盘合同及配置评审，简要如下：

数量：1台（GTZ6127BEVBFD 底盘）

交期：买卖双方签订销售合同且卖方收到买方全额定金后80天内达到交付状态。

付款：买方应在合同签订后十五日内电汇支付合同金额的30%作为定金，卖方收到全额定金后再启动采购和生产；余款 70% 买方应以电汇方式在10个月内付清（以卖方在中华人民共和国海关出口货物报关的申报日期为起点计算余款账期）。

售后服务：底盘质保2年或15万公里，自发运之日开始计算，以先到为准；动力电池质保周期为8年或50万公里，自发运之日起开始计算；电机、电控质保期为5年或30万公里，以先到为准。充电桩质保1.5年，售后诊断工具质保期为6个月。

认证：无

评审完成时间: 2021/9/9 18:00之前"
PO_2021091301,0,Description,"标书要求详见附件。
一、标书响应表（含正/负偏离）在本周三_2021/9/15 12:00之前输出；
注：投标人提出疑问截止时间  2021年 9 月 16  日17：00前书面提交至采购代理机构 

二、其余标书响应技术文件的提供：后续通知；"
PO_2021090702,0,Description,"一、关于韩国（JJ Motors Co., Ltd.）9米车合同:
相比2021/8/26发起的合同评审，其合同内容有调整，现在重新发起第二 次合同审批。

二、合同中调整的内容：标识为黄色；

三、韩国9米配置表：用黄色或红色标识的内容，请注意核实.

四、评审意见反馈要求：在2021/9/27 18:00之前反馈，谢谢."
P-06-0004-2021,0,Description,关于优化6118BEVC-L067和L066空滤器和消声器布置的技术变更 
DOC-0002570,0,Description,P-13-0158-2021 GTZ6917BEVBF 辅助四合一集成控制器技术补充协议
PO_2021100801,0,Description,"哈萨新增100台的合同配置评审（电量：373.4KWH）：

1. 在 2021/10/6 经线下评审（公司合同评审平台为：teamshare），现客户 已盖章返回，补回其评审；
2.评审内容详见：附件；
3.评审要求完成的日期为：2021/10/9 12:00AM之前。
     谢谢."
PO_2021092703,0,Description,"阿联酋该批10台订单，PO里面的部分待定项，客户现确定由终端客户安装ITS系统（包括软件和硬件等）；附件为客户提供的ITS系统硬件清单和联系方式。

该系统由终端客户指定，费用由客户承担，且委托我司代买，并安装在公交上。

ITS系统供应方会派技术人员指导安装；请技术部与对方对接。"
PO_2021092701,0,Description,"一、关于韩国（JJ Motors Co., Ltd.）9米车合同:
     相比2021/8/26发起的合同评审，其合同内容有调整，现在重新发起第二 次合同审批。

二、合同中调整的内容：标识为黄色；

三、韩国9米配置表：用黄色或红色标识的内容，请注意核实.

四、评审意见反馈要求：在2021/9/27 18:00之前反馈，谢谢."
PO_2021092601,0,Description,"新增 1台_捷联 （底盘 ISUZU   LT434C-6S-VI-AT）车 合同（含配置）的评审

数量：1台

底盘： ISUZU   LT434C-6S-VI-AT

订单类型：MTO

详见附件。

评审意见反馈：需在2021/9/27 下午 14:00之前反馈。

谢谢."
PO_2021101901,0,Description,"希腊350台标书:
一、应标包段
对于此项目，我们司对应的应标 为 两个包段（D包和E包）

二、标书
 详见附件

三、应标意见的反馈和技术文件的提供：2021/10/25 （下周一）17:00之前."
PO_2021102001,0,Description,"关于徐闻5台车GTZ6817BEVB的变更申请

徐闻客户今天验车，提出车辆两侧增加核载人数的描述，喷漆补上“核载60人”，具体要求请查阅附件变更单；
该项变更虽由客户验车时提出，但变更涉及的工序较简单，成本较低，客户对于其他的细节也没有提出整改要求，特申请该费用由公司承担

详见附件。"
PO_2021101301,0,Description,"湖南临澧1台双层巴配置变更申请（增加MP3蓝牙和音频功放）
详见附件"
PO_2021101401,0,Description,"哈萨于8月18日签订的504台销售合同（合同号：S2KZ21070914B），其中104台已下单的条款进行调整和补充如下：

1、原合同4.1.2条款商品“纯电动公交车底盘GTZ6129BEVBFRD”的配置由“左舵”改为“右舵”。


2、按原合同中4.5.1条款要求，PDI验收清单如附件，其中PDI附件三份：

第1份： PDI （20台KD) :附件中含有详细的物料清单及其规格型号，请务必仔细核实。
第2份： PDI（4台底盘）：涉及技术参数，请注意核实
第3份： PDI（80台整车）：涉及技术参数，请注意核实
注：PDI(Pre Delivery Inspection):出厂前检查
 
3、技术方面:本补充合同未涉及事项按原销售合同条款保持不变.

4.需大家在今天（2021/10/14）下午5:00之前反馈评审意见.
  
谢谢."
PO_2021101501,0,Description,"深巴6米公交合同评审简要如下：

一、车型：GTZ6616BEVB  （数量：60台）


二、交期：2021年12月31日前交付完毕（车辆送达前须完成车辆的上牌工作）。


三、技术协议：详见《2021年纯电动中巴技术要求与售后服务要求》
3.1  技术条款  ：应标时已经梳理出不满足条款，如果新增的，请反馈；
3.2  车辆主要技术配置部分 包含的内容：零部件的品牌、生产厂家   ：规划室会牵头梳理 。

四、评审反馈日期：2021/10/18 下午 4点前反馈."
P-06-0958-2021,0,Description,关于6129BEVBF-M050/M005/M060哈萨订单座椅总成标准件变更的通知?
DOC-0002721,0,Description,"P-13-0207-2021 东部公交6616BEVB-M063,6706BEVB-M064_ESA-ID-BBDDK松芝空调协议"
DOC-0002729,0,Description,P-13-0188-2021 西部公交_D7-BCB3科泰空调协议
PO_2021111001,0,Description,"车辆所配置的卡拉OK设备，由于原投影方案不可行，更改为OLED液晶电视方案（见附件）；

要求本周内（11/13前）安装完成

详见附件。"
PO_2021110901,0,Description,"阿联酋2台13米公路车合同及配置评审:

数量：2台（GTZ6136E4CF）

交期：买卖双方签订销售合同，且卖方在签订合同15天内收到买方定金，货物最晚在2022年4月份的第三周发运。

付款：买方应在合同签订后十五日内电汇支付合同金额的25%作为定金，余款75%在装运日期前七日内以 T/T 或者经卖方确认的不可撤销即期信用证的方式付清，付款手续费由双方各自承担。

售后服务：车辆注册后24个月或从车辆发运后算起27个月，或者最多200000公里；其中任一先到为准。动力链系统(发动机、变速箱、传动轴、车桥）质保5年；

认证：GCC认证

贸易方式：CIF

合规：有

其余：详见附件。"
PO_2021110501,0,Description,"金莎7台合同及配置评审，简要如下：（甲方：金莎  乙方：中兴智能）

数量：7台（GTZ6128BEVCF）

交期：双方确认车辆配置及乙方收到预付款之日起90天达到交付状态（不含认证，如遇春节假期需另增加15天）。

付款：预付款为合同总金额的25%，甲方在合同签订且收到乙方的PI后五个工作日内电汇7台车的预付款给乙方，当乙方收到预付款后启动生产。75%尾款在车辆发出后180个自然日内，甲方一次性支付给乙方。

售后服务：1、满足车辆接收之日起至少有十（10）年的车辆使用寿命要求，及车辆使用寿命周期内配件供应并提供相应的技术支持。

2、整车质保2年或15万公里，自发运之日后100天开始计算，以先到爲准（质保周期表如附件二）；动力电池质保周期为8年或50万公里，自发运之日起开始计算；电机、电控质保期为5年或30万公里，自发运之日后100天开始计算，以先到爲准。

3、在质保周期内，乙方负责提供维修配件、运费及技术支持, 易损件除外；乙方指定的当地合作伙伴协助当地车辆维修或更换配件，相關維修費用150工時/臺內費用由甲方承擔，超出150工時的相關維修費用由乙方承擔，工時標準參照乙方提供的維修工時參考表（詳見附件三）



认证：香港当地认证及上牌工作由甲方自行负责，乙方需协助提供甲方香港认证、上牌所需的相关资"
PO_2021111801,0,Description,"西部公交_6米公交车辆技术协议，包含技术条款，如下的内容的也包含其中，需大家仔细核实：

一、附件一：公交车辆车载智能设备 _2021年公交车智能通信技术标准要求   ,含如下附件：

1.1  附件1：《车载监控设备及组件安装位置示意图》

1.2  附件2：《城市公共汽电车车载智能设备技术标准（Q/XBGQ 2103064—2021）》

1.2.1 附件1：车载安全终端视觉及雷达传感器安装示意图

1.2.2 附件2：相关系统功能需求一览表

1.2.3 附件3：QB/XBGQ 2103081—2021《城市公共汽电车安全一体化智能技防设备技术标准》

注：我们有 输出标书“响应表（负偏离/正偏离） ”，所以，以 招标时输出的 响应表（负偏离/正偏离）为基础，  结合我们当前的设计状态， 更新（调整/补充）“响应表”

二、附件三 包含如下三方面的内容，即我们应标时提供的相关数据-我们大家仔细核实：

1.主要技术响应情况-与招标数据不一致处，请反馈；


2.主要技术配置明细-与招标数据不一致处，请反馈；


3.空调主要配置选用范围-与招标数据不一致处，请反馈；


4.主要技术经济参数表--与招标数据不一致处，请反馈；

三、附件四_《112台6米标的公交车随车工具清单》

需大家在2021/11/19    16:00之前输入审批意见。
谢谢."
PO_2021111701,0,Description,"珠海公交1台双层巴加装操作台

应客户要求，1台多功能双层巴在上牌后，需拆除下层后部8个座椅，安装小桌板及操作台，以方便准备食物和饮料。改装后车辆年审问题由客户负责。

要求11月25日前改装完成。"
PO_2022041401,0,Description,"珠海样车GTZ6116BEVB的变更,详见附件。

评审时间要求：请在今天4/14 17:00输入可行评审的意见。"
PO_2021120701,0,Description,"在 厄瓜多尔（GTZ6127BEVBFD ）_1台底盘的项目中，ECAS的供应商需响应调整，相关事宜如下：

ECAS 瑞立Ruili供应商交期45天，不满足交期

改为交期更快的威伯科WABCO，预计交期20天左右，变更导致的费用由客户承担

注：附件无"
PO_2022022201,0,Description,"乌克兰12米标书

项目号：HW22003

对标车型：乌克兰12米样车

标书响应表输入的时间要求：2022/2/22  下午 4:30之前（上次已经反馈的内容，已经整合在标书响应表中）），谢谢.

备注：
1.在2022/2/17 就营销输入的约20项技术标书条款，已经进行了确认及答复；

2.在2022/2/17 时，营销没有输入完《整技术部分完整的标书》，现有收到《完整的技术部分标书》故安排进行标书响应的评审；

3.营销反馈2/23截标，所以需大家 今天下午 4:30之前 对相关条款进行评估（上次已经反馈的内容，已经整合在标书响应表中）"
PO_2022040201,0,Description,"内部车型号为：GTZ6119BEVBF

变更原因：由于轮辋到货后还未装车表面就已刮破且近日潮湿存在生锈迹象，考虑到罗马尼亚冬天路面撒盐，钢轮辋易生锈。遂更换。 
轮辋  

费用承担：客户承担

变更前：8.25×22.5，钢轮辋

变更后：8.25×22.5，铝合金轮辋"
PO_2022052001,0,Description,"一、对标车型：GTZ6706BEVB/GTZ6107BEVB3/GTZ6127BEVB1/GTZ6116BEVB

二、标书：详见附件；

三、标书输出物要求及时间：详见附件_任务分解表"
PO_2022052002,0,Description,"OA中的变更号:DD00320220519017

配置变更原因：
客户最近试车，上坡驻车过程发现溜车，要求增加自动驻车功能解决此问题。此批车辆配一套物料作为售后配件发送客户。

变更内容：

配置名称                                           
1.EPB                      
变更前 ：   无 
变更后：有

2.车辆具备自动驻车（AUTO HOLD）功能   
变更前 ：   无 
变更后：有


需在2022/5/20内输出技术可行意见（含认证），谢谢."
PO_2022011201,0,Description,"HW22001-罗马尼亚4台12米纯电公交_2022-1月的招标：

项目号：HW22001

应标车型：GTZ6129BEVBF3_罗马尼亚二代

标书：详见附件

标书响应情况的反馈：需在2022/1/17 （下周一）下班前

谢谢."
PO_2022050901,0,Description,"宏兴13台合同的评审
合同审批流程号：DD00120220429006；

车型：GTZ6128BEVCF；

相关文件：详见附件；

评审要求：
输出技术可行评审的意见（含法律法规评审）
输出时间要求：在2022/5/7该合同配置发起审批，并于2022/5/9 9:00AM完成审批，基于该项目较急（该合同需盖章），需大家在2022/5/9 12:00AM之前完成审批，谢谢."
PO_2021112301,0,Description,"罗马尼亚12台招标_2021_11月:

应标车型：罗马尼亚二代

标书条款响应表输出的时间为：2021/12/3 上午12:00之前。"
PO_2022032501,0,Description,"一、变更原因：客户需求变更。如变更造成的成本变动，费用增减以商务最终核价与客户确认结算，多退少补。
二、变更内容：
1  
全车玻璃  
变更前 ：前档夹胶玻璃，白色封闭侧窗，后档钢化玻璃 
变更后： 前档夹胶玻璃，浅灰色双推拉侧窗（透光率50%），后档两侧夹胶玻璃，尾对开门处钢化玻璃  
2
 油漆 
变更前 按海外现行标准 
变更后：捷联同款进口漆，白色，同丰田coaster ，色号058  
3 
空调 
变更前：机空调+乘客区空调 
变更后：客户自带  
4 
乘客门 
变更前 ：司机门、副驾门、电动外摆乘客门（朝后开） 
变更后：底盘自带司机门和副驾门，其中副驾门锁破坏，不可用钥匙打开；
电动外摆乘客门（朝后开，可电动操作，也可以随时手动打开），与手刹关联，手刹松开，乘客门关闭；手刹拉上，乘客门才可打开。 
5 
其它特殊要求 
1、司机位上下车扶手，改装原空调出风口位置，底盘防锈处理
2、底盘自带电子制动力分配系统（EBD）、斜路起步辅助系统（EZGO）、电子车身稳定系统（ESP）、车道偏离警示系统（LDWS）功能保留
3、左侧一个工具舱
4、带司机后卷帘 
5.增加新风功能 
6 
风道 
变更后：普通风道，带氛围灯，不带行李架 
变更后：普通风道，带灯出风口，带氛围灯（橙色），不带行李架"
PO_2021122801,0,Description,"一、关于捷联JL020车型新增合同评审:

    因捷联车辆数量增加，已超原签订合同（S2HK21042207T）数量。

所以现新签订一份JL020合同， 附件为捷联JL020新增合同，数量20台。

此合同条款与前期签订合同（S2HK21042207T）内容一致，后期根据实际报价在另签补充协议。

详细请查看附件。

二、评审意见反馈要求：
    需在2021/12/29 上午12:00之前反馈。"
PO_2021123101,0,Description,"匈牙利12米8台_招标_2021_12_31:

一、应标车型：GTZ6129BEVBF3_罗马尼亚二代；

二、项目号：HW21006；

三、标书条款：详见附件；

四、标书条款响应表的输出时间为 ：2022-1-10 

    谢谢."
PO_2022032502,0,Description,"罗马尼亚车的招标-2022-3-25
一、项目号：8-HW22006
二、对标车型：罗马尼亚二代车和匈牙利8.5米
三、招标任务分解：
  详见附件，其中 招标文件（响应表，应标图纸，配置表）输出的时间另行提供。
四、标书：详见附件
 谢谢。"
PO_2022032101,0,Description,"7台8.5m罗马尼亚车的标书

一、项目号:HW22005

二、对标车型：GTZ6859BEVBF1_匈牙利样车

三、标书要求：详见附件；


四、输出文件及时间需求：

1.输出标书响应表（含正偏离/负偏离，满足项）；

2.需提供的技术文件，详见《罗马尼亚carei 7台8.5m任务分解》；

3.在 2022/3/24 之前输出以上所需文件
            谢谢."
P-13-0003-2022,0,Description,"宁德时代，210kWh，560.28V，充电倍率2C，电箱组合情况：L209G01*8
冷却方式：液冷（独立机组），（200A直流，欧标，单充）+弓充。"
PO_2021122001,0,Description,"深圳深兰科技合同&配置评审，简要如下：

车型：GTZ6605BEVB1

数量：1台

交期：自本合同签订且定金到达乙方指定账户次日起75天（含周末，不含法定节假日）交付。 

付款：合同签订后五个工作日内，甲方向乙方支付30%定金；余款于提车前付清。

合规条款：已签署在合同内

评审资料：详见附件。

评审时间要求：在今天（2021/12/20）下午 17:00之前输入审批意见。

谢谢."
PO_2021122401,0,Description,"罗马尼亚3台8.5米车合同及配置评审，简要如下：

数量：3台（GTZ6859BEVBF）

交期：买卖双方签订销售合同且卖方收到买方定金后 90 天内达到交付状态。

付款：买方应在合同签订后十五日内电汇支付合同金额的10%作为定金，卖方启动客车生产。余款90%须在车辆交付并经招标机构成功验收合格且买方收到终端客户的付款后的5天内电汇付清，最长不能超过验收合格后的65天。

售后服务：整车质保5年或50万公里，自发运之日开始计算，以先到爲准（质保周期表如附件二）；动力电池质保周期为5年或 50万公里，自发运之日起开始计算；电机、电控质保期为5年或 50万公里，以先到爲准。

认证：欧盟认证

品牌：广通GRANTON

评审文件：详见附件

评审要求：需大家在今天（2021/12/24 ）下午 17:00 之前反馈评审意见，谢谢."
PO_2021120201,0,Description,"哈萨项目，协助客户采购其品牌标识及字母标logo的配置变更

应客户要求，需要我们公司协助客户采购其品牌标识及字母标logo，共计400套（品牌标识+字母

标），产生的费用由客户承担并在支付项目尾款时结付.

变更内容详见：附件，谢谢."
PO_2022031501,0,Description,"波兰6台招标：

一、项目HW22004

二、对标车型：
     罗马尼亚二代样车（内部型号 GTZ6129BEVBF3；认证型号 GTZ6129BEVR)

三、标书：详见附件；

四、需本周四（2022/3/17）之前输出标书响应表；
    谢谢."
PO_2022031101,0,Description,"波兰12米电动样车项目合同的评审：

一、 客户MMI为波兰本地车辆制造厂，且为依维柯底盘合作伙伴，为波兰具有历史的家族企业；在欧洲多国有成熟的销售网络。此次合作先采购一台12米电动公交样车，根据波兰市场要求，重新打造一台符合欧洲高端市场要求，具有欧盟认证的12米电动车。利用此款全新的12米样车进入波兰市场，并参与市场投标，并共用在其他欧洲国家的关系网路渗入欧洲市场。

二、
此次样车为我司负责底盘，马可波罗负责车身设计（车身成本前期由马可波罗承担）。

三、
整车认证费用前期由我司承担。

待样车达到约定的批量订单时，车身成本与整车认证费用再根据与马可波罗项目合作书约定各自分担。

四、评审要求
1.评审文件：详见附件

2.评审输出要求：
2.1.技术可行方面的反馈；
2.2 法律法规方面（涉及汽车法规)落实国家、行业法规）   的意见反馈：


五、评审意见反馈要求：
在下周一（  2022/3/14）10:00AM之前反馈，谢谢."
PO_2022010401,0,Description,"深圳东部公交合同评审

深圳东部公交100台车辆合同评审，简要如下：

车型及数量：GTZ6616BEVB  50台、GTZ6706BEVB  50台


技术协议：详见附件《技术协议》

售后服务：详见附件《公交车售后服务协议》

会议评审意见：详见会议纪要。

详细内容请查收附件，请审批，谢谢."
PO_2021121501,0,Description,"关于西部公交配置变更，其中：

GTZ6616BEVB（订单号：S1M065）   数量112台

变更原因：客户新需求

变更是否涉及成本的增加：涉及成本增加，成本增加460元/车

配置变更如下：

仪器仪表附件：火情探测器（包含车辆两个带CAN的传感器）"
PO_2022081801,0,Description,"韩国GTZ6917BEVBF的3项变更：
一、变更提出人：黄笑雨；

二、 变更当前的状态：审批中；

三 、变更内容：

1.乘客座椅：
更改前 乘客座椅  开平春山CS001公交座椅（带软包），低地板区竖直椅脚（非倾斜式） 
更改后 乘客座椅  开平春山CS001公交座椅（带软包），低地板区竖直椅脚（非倾斜式），4个折叠椅打开后朝前坐。

2.暖风系统
更改前  独立PTC暖风系统，14kW，乘客区3kw*4司机区2kw*1
更改后  独立PTC暖风系统，14kW，乘客区2kw*6司机区2kw*1

3.录像监控系统
更改前   7路监控，A柱左右（防水摄像头）+前路面+前半部+中门+司机+倒车（防水摄像头）+7寸监视屏，带500G硬盘
更改后   7路监控，预留线束及安装位置

四、附件：1份"
PO_2022063001,0,Description,"本合同包含12米、10.5米、7米公交和11米公路版共四个车型的评审：

一、附件是营销跟公交客户协商后的合同文本，详见附件；

二、.技术偏离项：
      针对技术偏离项（目前4个车型共有14项负偏离项），在合同评审会议中的我院的意见为 ”  建议按照我司产品实际状况签订合同，避免验车时实车与合同要求不一致“

营销对此的回复意见为  ：

     相关偏离项已跟客户沟通，除座椅扶手坚持用不锈钢或铝合金材质外，其它项（示宽灯、工具箱、投币箱等）可以协商，但条款维持不变；

三、合同条款相关标书条款，另外增加了2项技术要求：
1）增加5个乘客位USB充电接头；
2）除盾牌外，再增加一根防暴护棍；

四、 针对 4个车型已经梳理出的14项负偏离，请核实是否有增/减或补充；

五、合同条款，如果有不满足项或补充项，请在 2022/7/1（本周五 下午 13:30）之前反馈。"
PO_2022070401,0,Description,"潜江的合同评审（GTZ6616BEVB&GTZ6126BEVBS）：

1.评审内容包含：技术要求、配置表（含供应商）等；
2.如果有技术方面的不满足，请在本周二（2022/7/5） 10:00AM之前反馈，谢谢。"
PO_2022081601,0,Description,"2022年_8月_4台希腊8.5米_招标：

1.对标车型 ：对标车型：GTZ6859BEVF1；

2.标书要求：详见附件；

3.标书任务交付物及其时间要求：详见""标书任务分解表“"
PO_2022072801,0,Description,"10.8m151台项目合同评审
1.评审文件：详见附件；
2. 特别提醒：
  如果当前  已经发现 我们的配置  与  10.8米合同要求“ 除了在罗马尼亚当地安装的设备和系统外，车辆必须符合中央政府项目的标书竞标方案”相冲突，请反馈；

3.评审意见输出时间：2022/7/28  16:00PM 之前。"
PO_2022090801,0,Description,"关于GTZ6813E6CF的合同评审

一、评审内容：详见附件；
但请重点核实
1.1  后视镜：PO中是 手动调节，合同中是 电动调节, 请核实 以那个为准？
1.2 点烟器座 的电压 ：PO是 24V,合同中是 24V ,请再次核实 24V 是否可满足？

二 、需在今天 （9/8）14:00PM之前输出评估意见，谢谢。"
P-06-0295-2022,0,Description,P-06-0295-2022 关于6119BEVBF-N003高压线束及充电系统变更的通知单  
PO_2022072501,0,Description,"10.8米胎压监测和轮辋材质的变更:

1.轮辋，由于冬天当地会撒盐，钢轮辋易生锈，现151台需变更为铝合金。涉及费用2100

2. 胎压，就客户要求需要前后胎压，为保持151台交车一致性，申请样车改变更为前后胎压。涉及费用 355。

3.详见：变更附件"
PO_2022071901,0,Description,"一、罗马尼亚布加勒斯特100台12m电动公交车标书

二、对标车型：GTZ6129BEVBF3（二代车）

三、标书：详见附件

四、需提供的招标文件清单：详见附件 （具体的提供者，以沟通后的为准）

五、标书响应表及招标文件需提供的日期：2022/7/22"
P-06-0269-2022,1,Description,关于6119BEVBF-N003动力电池系统变更的通知单 
PO_2022080401,0,Description,"韩国订单GTZ6917BEVBF的变更：

1.变更的订单号为： 订单号S2M069,即 2021/11/19下发的5台预PO;

2.该变更的审批状态：审批过程中；

3.变更内容（详见附件）：
1） 司机侧增加一个辅助镜；
	
2） 暖风系统  ：乘客区的PTC功率增大

变更前：独立PTC暖风系统，10Kw
变更后 ： 独立PTC暖风系统，14Kw  乘客区3个加热器功率增加到每个3KW，司机区1个2kw加热器

3） USB的要求：
变更前：无
变更后：乘客区增加USB接口

4 ） 增加 ”4个折叠椅方向“要求：朝向前；

5）  增加 “中门后护栏挡板“的材质要求：钢化玻璃

6 ） STOP牌
变更前：无；
变更后：车内前侧增加STOP牌


4. 需各位在 2022/8/5  上午 10:00之前输出评审意见，谢谢。"
PO_2022052401,0,Description,"湖北潜江公交的招标

一、对于的车型及台数：

对标车型：GTZ6616BEVB_70台；
对标车型：GTZ6126BEVBS_2台；
二、
招标输入：
1.输出《标书响应表》的时间：2022/5/31（周二）；
2.其余输出要求，详见《标书任务分解表》；"
P-24-0131-2022,0,Description,"通知主题	关于捷联6121E6CF-S2N033（中兴编号：N0223捷联编号：ZSTB20-2205030）油漆方案的发放通知"
P-06-0269-2022,0,Description,关于6119BEVBF-N003动力电池系统变更的通知单 
PO_2022083101,0,Description,"一 、变更车型：GTZ 6917BEVBF (订单号_S2N038 ）

二、变更内容：

变更前： φ35铝合金、带吊环和防寒套，整车吊环颜色一致，下车门右侧铁板更换为钢化玻璃

变更后：整车吊环颜色一致，下车门右侧铁板更换为钢化玻璃φ35铝合金、带吊环和防寒套，整车吊环颜色一致，前门/中门后挡板为软包材质

     注：前门/中门后挡板为软包材质

      以上调整  成本预计增加约200元/台。

三、变更提出人：黄笑雨

四、变更状态：正在审批中 

五 、附件_1份 ，"
PO_2022071201,0,Description,"关于潜江公交的变更:
1.取消“玻璃取消防辐射功能”_70台GTZ6616BEVB和2台GTZ6126BEVBS车型;
2.取消""车尾广告屏""_2台GTZ6126BEVBS车型；
具体，详见附件。"
PO_2022081101,0,Description,"关于韩国客户（GTZ6917BEVBF0要求轮椅区4个折叠椅朝前安装的变更申请

车型：GTZ6917BEVBF

变更原因：客户要求轮椅区4个折叠椅朝前安装

乘客座椅：
更改前 乘客座椅  开平春山CS001公交座椅（带软包），低地板区竖直椅脚（非倾斜式） 
更改后 乘客座椅  开平春山CS001公交座椅（带软包），低地板区竖直椅脚（非倾斜式），4个折叠椅打开后朝前坐。

注：该变更审批中，最终以审批完成为准

详见 _审批中的变更附件

请在今天（2022/8/11）上午  12:00之前输入评估意见"
PO_2022092302,0,Description,"一、车型 ：GTZ5187XXCBEVF 
二、变更内容：

1.折叠座椅数量的调整： 

后舱折叠座椅 由 2个调整为3个，调整原因：标书要求3个折叠座椅；

2.全车玻璃

变更前：东莞奔迅；前舱：前挡白色夹胶玻璃，司机窗内嵌式推拉窗，其余封闭窗（5mm白色钢化玻璃）；后舱：封闭窗（5mm白色钢化玻璃），确保不透光

变更后：东莞奔迅；司机窗内嵌式推拉窗；前档夹角玻璃；右侧第一窗（紧靠司机窗的）、左侧第一窗（紧靠前乘客门的）、右侧最后窗为封闭玻璃窗（5mm白色钢化玻璃），其余侧窗位置无玻璃，均为封板；安全门及前、后乘客门上装玻璃（5mm白色钢化玻璃）。需确保后舱不透光

三、变更提出人：黄笑雨；

四、变更状态：审批中；

五、变更内容：详见附件 。"
PO_2022112101,0,Description,"关于赠送阿联酋1台GTZ6116BEVB作市场推广合同 评审：
1.评审文件：详见附件；

2.关于配置的需求：初步评估合同内含有的配置与我司当前PO中的配置是一致的，需大家核实是否还有需调整的配置项；

3.评估意见反馈时间要求：需在今天（2022/11/21）17:00之前反馈，谢谢."
PO_2023021501,0,Description,"关于车工房7米燃油中巴GTZ6775E6CF增加副驾驶座椅需求的审批
一、变更的内容增加副驾驶座椅：

  采用司机同款座椅外观，带欧盟认证，靠背可调节座椅，取消前后、高度功能，配自动伸缩式三点式安全带。

二、增加的原因:
1.客户需求，驾驶室座椅款式需保持一样;
2.原副驾驶座椅为乘客座椅，客户提供;

三、增加的成本：/不涉及（营销审批流程中）

四、变更提出人：黄笑雨

五、需在2023/2/20 内输出评估意见，谢谢."
PO_2022102702,0,Description,"1.意大利项目合同评审，其包含的车型为“GTZ6859BEVBF3和_GTZ6119BEVBF1”；

2.评估文件：详见附件；

3评审要求：
3.1 输出技术评估意见（含产品认证相关的意见）；
3.2 评审时间要求：请在2022/10/28（周五）14:00PM之前输出评估意见；

谢谢。"
PO_2023011201,0,Description,"车工房7米燃油中巴(GTZ6775E6CF)的两项变更，相关内容如下：

1.安全锤：由有调整为 无；
 
2.外后视镜 由“杆式，电动调节带除霜”调整为“ 1、前照地镜，2、两侧外后视镜：杆式，电动调节带除霜，带照地镜。带欧盟认证”。

3.变更提出人：黄笑雨；

4.具体的变更内容：详见附件；

5.请输出变更评估意见，谢谢."
PO_2022102001,0,Description,"一、在捷联车型 GTZ6813E6CF中，有如下的变更：

1.后视镜：
变更前：外后视镜：杆式后视镜，手动调节、不带电除霜
内后视镜：有，2个

变更后：外后视镜：杆式后视镜，手动调节、不带电除霜
内后视镜：有，2个

捷联指定：供应商：实力多，型号由技术确定
注：8.1米样车(S2N044)后视镜镜片由客户提供，后期批量非客供

2.电器设备附件：
变更前：1、仪表台USB充电座；2、点烟器座（24V) ;3、车外门电控开关；4、车门遥控器等
变更后：1、仪表台USB充电座；2、点烟器座（12V ）;3、车外门电控开关；4、车门遥控器等

注：点烟器的电压 由 24V调整为12V

二、变更提出人：陈敏；

三、变更流程：审批中；

四、变更内容：详见附件"
PO_2022110401,0,Description,"车工房7米低地板电动中巴GTZ6706BEVBF中巴的合同评审
车型：GTZ6706BEVBF

客户：车工房

台数：1

评审提出人：营销黄笑雨

评估内容：合同（含车辆配置）中，与技术及认证相关的内容，详见附件；

评估要求：输出技术可行性评估意见；

评估时间要求：2022/11/4 下午4点30之前评估意见；
      谢谢."
PO_2022092301,0,Description,"订单号 ：S2N030/S2N047
变更车型 ：GTZ6121E6CF 
后档玻璃  由 “白色后档玻璃” 调整为“玻璃钢”，即调整后的状态为：后档无玻璃，用玻璃钢密封；
变更状态：审批中；
变更提出人：陈敏；
具体变更内容：详见附件"
PO_2023031301,0,Description,"车工房宣传车（GTZ5187XXCBEVF ）3项的配置变更审批：
一、主要变更内容：
1. 客户对车辆评审后提出厂家做的储物柜做工质量太差，柜门有阶差，包边接驳突出开胶，柜门松动，门锁整改后仍不符合要求等，达不到香港政府教育宣传车要求。客户将自行采购储物柜提供我司安装。
2. 司机包围需更换为半包围。
3. 乘客座椅背高度需加高
关于已采购的储物柜因质量问题，客户不接收，此成本客户不承担，待公司与供应商沟通后再确认费用问题。
另外2项按照商务提供的实际增加成本与客户确认

二、具体的变更明细：详见附件；

三、变更提出人：黄笑雨；

四、请2023/3/13内输出变更的可行意见，谢谢。"
PO_2022120901,0,Description,"宣传车GTZ5187XXCBEVF的变更：
一、变更提出人：黄笑雨
二、变更原因：
1.客户需求变更，费用暂未填，待商务核价后与客户确认。
2.安全门门把手设计不符合当地市场使用习惯及要求，因此需我司整改，引起的相关费用由公司承担。

三、变更内容:
详见变更附件

四、需在今天（2022/12/9）12:00AM 之前内容输出评估意见，谢谢."
P-13-0130-2022,0,Description,"协议号：P-13-0130-2022
整车5箱电池（L302C01*3+L302G01*2），系统：540.96V/302AH，电量：163.36KWH。配置：国标单枪充电、加热膜加热、集成水冷、不带电池箱灭火器。首次使用车型：6726BEVBF-N066"
PO_2023022001,0,Description,"关于捷联大巴关于电视机的调整：

一、捷联大巴关于电机的说明：

1.捷联大巴后续如无特别要求，配置将取消电视机；其中线上订单S2N073和S2N002两台车也取消电视机（含电视机罩）。

2.前期已发起变更只预留线束不安装电视机的S2N074,变更为安装电视机。
车辆不安装电视机的将在尾款扣除相应成本金额

二、变更内容： 
在S2N002/S2N073中： 取消电视机
在S2N074中： 安装电视机

三、变更提出人：陈敏

四、变更状态：审批中"
PO_2022122901,0,Description,"宣传车GTZ5187XXCBEVF 的变更：

一、隔断门的加装：
1.隔断门由客户购买提供，中兴负责尺寸要求对接及安装
2.隔断门装置的门转轴位于乘客门侧
二、变更内容：详见附件；

三、变更提出人：营销黄笑雨
四、需今天（2022/12/29）反馈评估意见。
谢谢."
PO_2022092801,0,Description,"韩电GTZ6917BEVBF_5台车合同的评审
一、合同评审背景：
1、韩电2021年签订了15台的合同，生产并交付了10台.此10台车辆款项已收。
2、最后5台因价格调整和付款信息变更，于2022年8月签订了补充协议，此5台车辆在收到客户50万定金后已下发了2台PO。
3、现由于客户找了信保批了额度，客户要求按照支付的50万定金启动此5台车辆的生产。

二、合同评审的内容：详见附件，其中对于“配置要求”，如果有疑问，请及时提出。

注：1.此处的“配置要求” 与我们当前“最新的PO中的配置内容” 保持一致的；但是当前PO中乘客区 USB的个数不对，正确的是 “乘客区10个双孔的USB充电口”，合同中的配置会按此调整，即与客户签订的合同会体现“乘客区10个双孔的USB充电口”。

       2.合同配置：因为与客户签订的配置需为中英文版，所以，按中文版的合同配置进行评估，对于已经输入了评估意见的同事，我（刘玉碧）会梳理出差异项，给对应同事再单独确认。

三、评估意见的输出时间要求：需在今天（2022/9/28 ）16:00PM之前反馈，谢谢。"
PO_2023031401,0,Description,"一、变更内容：
在车型GTZ6775E6CF（订单号 S2N064）中，空调由“客户提供”调整为“我司采购及安装”，
具体的变更：详见附件；
二、变更提出：黄笑雨；

三、需在2023/3/14内输出变更的可行评估意见，谢谢。"
P-06-0001-2023,0,Description,"关于	6119BEVBF1-N054、6859BEVBF3-N053灭火器启动开关变更通知"
PO_2022122101,0,Description,"阿联酋1台车GTZ6116BEVB的变更：

一、变更需求：
阿联酋电动车标志更换需求- 按公司政策，目前海外车尽量避免使用Granton以及广通的标志，需要将车上所有的涉及Granton的标志都更换为BAZN，包括前后围，司机方向盘，铭牌等上面的GT标和Granton标志，具体详细见附件。
二、变更提出人：营销陈虹

三、变更流程：审批中

四、请在2022年12/21 17:00之前输出 评估意见，谢谢."
PO_2022103101,0,Description,"捷联JL021中巴车（8.1 米）&中巴车（7.1 米）_合同+配置  的评审：

1.合同评审车型：
   GTZ6713E6CF（5台）
   GTZ6813E6CF（1台样车+9台批量）

2.合同含配置：详见附件

3.评审要求：需在11/1（本周二） 上午11:00 之前输出评估意见。
    谢谢。"
PO_2023020301,0,Description,"关于车工房的变更（GTZ6805E6CF样车的整改和GTZ6775E6CF乘客门的变更）

一、审批内容包含：
1. GTZ6805E6CF样车拆掉重做的审批；

2.GTZ6775E6CF的乘客门状态变更；

注：变更后乘客门的状态为：带司机门和副驾门；电吸门 （通电时，行车过程中可以打开车门，未通电时，车内外可以手动开车门），与手刹关联，手刹松开，乘客门关闭；手刹拉上，乘客门才可打开；中央门锁系统（司机处可锁所
有车门）

二、审批提出人：黄笑雨 ；

三、审批流程的状态：审批中；

四、具体的审批内容：详见附件；
五、需在2023/2/3 下午 14:00之前反馈审批意见，谢谢。"
PO_2023011001,0,Description,"关于车工房GTZ6726BEVBF的变更，相关内容如下：

1.变更提出人：营销黄笑雨；

2.变更内容：共计16项，详见附件；

3.需输出变更的可行评估意见，谢谢."
PO_2022102501,0,Description,"关于韩国5台增加 ”前乘客门侧第一排增加1个（双口）“USB的变更

一、变更内容为详细如下：

电器设备附件

变更前：

1、仪表台USB1个、前点烟器1个；2、档位控制器；3、残疾人按钮（带盲文）；4、有线门铃（预留线束，三线制，按下会长亮，开门后熄灭） ；5、后部点烟器1个；6、仪表台增加一个门铃提示灯；7.增加乘客区USB充电口17个；8.增加声光报警灯（开门警示用）；9.增加车内STOP牌

变更后：
1、仪表台USB1个、前点烟器1个；2、档位控制器；3、残疾人按钮（带盲文）；4、有线门铃（预留线束，三线制，按下会长亮，开门后熄灭） ；5、后部点烟器1个；6、仪表台增加一个门铃提示灯；7. 增加乘客区USB充电口10个(双口）+前乘客门侧第一排增加1个（双口）; 8.增加声光报警灯（开门警示用）；9.增加车内STOP牌

     即 ：
由“7.增加乘客区USB充电口17个"" 调整为 ”7. 增加乘客区USB充电口10个(双口）+前乘客门侧第一排增加1个（双口）“  
///**************////

二、变更台数：5台（生产编号：N0301-N0305）

三、变更流程：审批中；

四、变更提出人：黄笑雨；

五、详见：变更审批附件；

六、需求：请输出技术评估意见，谢谢。"
PO_2023022801,0,Description,"关于取消“功放机安装”调整为“预留线束”的配置审批:
一：变更背景：
JL020车型配置中功放机应由我司采购（在JL010旧车型中为客供件，前期的旧库存已用完），因我司采购该物料较困难，沟通后客户同意预留线束在香港安装。
线上车辆和已交付车辆没有安装的均按成本金额在尾款扣除（840元/套），共计9台车，后续新的订单都按以上方案执行。
该变更流程为后补，前期采购因人员异动，未能及时提出变更流程，实际BOM已及时调整.

二、变更内容：
变更前：仪表台MP5中控屏，安装捷联要求的质量加强型天线引线，功放机，8个扬声器
变更后：仪表台MP5中控屏，安装捷联要求的质量加强型天线引线，8个扬声器。

三、受影响的订单号：S2N050S2N048S2N047S2N030S2N074S2N073S2N001

四、变更提出人：陈敏

五、输出变更的评估意见，谢谢.

注：此变更流程 ，处理审批阶段。"
PO_2022102801,0,Description,"车工房7米燃油中巴GTZ6775E6CF购销合同 :

一、订单数量：71台；

二、合同简要说明：

       此项目客户提供底盘，我司负责车身制造及改装。较前已开发首台样车，由于问题较多待整改，需重新做第二台样车，并在首台基础上优化改进。

1. 关于样车及批量的交期：
       样车的质量及交付时间对后续批量订单有直接影响，样车交付香港完成认证后才能启动后续订单生产，此批车辆需在2023年12月底前全部交付。

较前计划与客户沟通的样车4月底交付时间，客户确认后反馈时间太晚，需提前到3月底交付。

2. 关于付款：经与客户沟通，1台样车在提货前支付95%货款，批量车启动前支付30%定金，提货前支付65%货款。剩余5%作为质保金，2年内付清。

3. 开模费：合同总价已包含此款车型的相关开发费用 。

三、评审文件：详见附件。

四、评估要求及时间：需在2022/10/28 17:30之前输出 “技术可行评估意见”。"
PO_2022120801,0,Description,"已交付客户的6116公路版10台，客户要求补配分类垃圾箱（技术协议中有要求），并调整护栏，中门前灭火器需直立放置；另外前挡风玻璃下的一排摄像头布置凌乱影响美观，需适当隐藏或加以装饰.
具体的变更内容：详见变更附件；

变更提出的人：营销潘三中

请评估可行意见，谢谢。

备注：因总布置吴工（广文）已经在OA流程中会签审批，所以此处不在重复添加为审批人。"
PO_2023020901,0,Description,"在车型 GTZ6775E6CF（车工房7米燃油中巴）中：
一、变更内容
安全门
变更前：车后对开门，加装1000毫米高，1.5 毫⽶厚的反光带
变更后:车后对开门，开度180度，加装1000毫米高，1.5 毫⽶厚的反光带

二、变更提出人：黄笑雨

三、变更状态：审批中

四、详见变更：详见附件；

五、需在2023/3/9内输出变更的可行意见，谢谢。"
PO_2022111801,0,Description,"韩国4台对内合同评审-中机&中兴(GTZ6917BEVBF)

一、背景：
韩电新增4台9米公交客户通过中机融资，我司与中机签订销售合同，中机再与客户签订销售合同，4台车通过中机出口。
我司与中机合同刚确认完走合同评审，中机与客户间合同已确认好。

二、配置需求说明：与上一批9米车配置一样

三、付款条件：中机提车，车到国内港口中机确认接收后10个工作日支付100%货款。中机办理完退税后支付税款给我司。

四、评审要求：需在今天（2022/11/18） 16:30之前 技术可行评估意见。"
PO_2023030301,0,Description,"关于GTZ6726BEVBF增加副驾驶座椅的需求审批
一、变更内容：
乘客座椅 
变更前 ：带三点式安全带 
变更后：
1、副驾驶座椅外形同司机座椅，带三点式安全带，但不需要司机座椅气囊减震，取消带安全带报警及离座报警功能
2、乘客座椅带三点式安全带

二、变更原因：客户需求，增加副驾座椅成本，由中兴采购。乘客座椅为客供。


三、增加费用： 2400.00元（客户承担）

四、变更提出人：黄笑雨"
P-06-0222-2023,0,Description,关于罗马尼亚6129BEVBF7、6129BEVBF8车型排空罐焊接位置的变更通知单 
P-05-0155-2023,0,Description,"关于6129BEVBF8-P022/	6119BEVBF1-P021意大利都灵订单增加倒监摄像头铝封板的技术通知"
P-TM-05-0023-2023,1,Description,关于焊装部分作业指导书升版的技术通知 
P-TM-05-0020-2023,0,Description,关于原子灰刮涂作业指升版的技术通知 
P-05-0087-2023,0,Description,关于采购6129BEVBF7-P008欧标250A充电座的试装通知单 
P-24-0059-2023,0,Description,关于罗马尼亚订单6859BEVBF2-P019、6859BEVBF2-P018、6859BEVBF1-P016、6859BEVBF1-P017、6859BEVBF1-P020大件清单下发的通知 
P-TM-05-0016-2023 ,0,Description,关于车身防腐蚀作业指导书升版的技术通知 
P-13-0072-2023,0,Description,"协议号：P-13-0072-2023
整车5箱电池（L302C01*3+L302G01*2），系统：540.96V/302AH，电量：163.36KWH。配置：200A欧标单枪充电、加热膜加热、集成水冷、不带电池箱灭火器。"
P-13-0042-2023,0,Description,"协议号：P-13-0042-2023
整车4箱电池（L228C01*2+L228G01*2），系统：560.28V/228AH，电量：127.74KWH。配置：欧标200A直流充电、加热膜加热、集成水冷、不带电池箱灭火器。"
P-TM-05-0023-2023,2,Description,关于焊装部分作业指导书升版的技术通知 
P-TM-05-0023-2023,0,Description,关于焊装部分作业指导书升版的技术通知 
P-13-0122-2023,0,Description,"协议号：P-13-0122-2023
整车3箱电池（L173C01*3），系统：608.58V/173AH，电量：105.3KWH。配置：200A国标单枪充电(50平)、加热膜加热、集成水冷、带电池箱灭火器。接线盒：780153-00386；BMS：780150-00225；"
P-06-0661-2023,0,Description,关于6859BEVBF1-P016/P017/P020、6859BEVBF2-P018/P019罗马尼亚车架中段总成设计优化的变更通知 
P-TM-05-0023-2023,4,Description,关于焊装部分作业指导书升版的技术通知 
P-06-0434-2023,0,Description,关于6121E6CF-P029/P034捷联新五十铃底盘车低压电器变更的通知 
P-13-0110-2023,0,Description,"协议号：P-13-0110-2023
整车4箱电池（L228G01*2+L228C01*2），系统：,560.28V/228AH，电量：127.7KWH。配置：250A国标单枪充电、加热膜加热、集成水冷、带电池箱灭火器。接线盒：780153-00386；BMS：780150-00225；"
P-13-0103-2023,0,Description,"协议号：P-13-0103-2023
整车8箱电池（L228G01*4+L228C01），系统：560.28V/456AH，电量：255.5KWH。配置：250A国标双枪充电、加热膜加热、集成水冷、带电池箱灭火器。接线盒：780153-01193；BMS：780150-00225；"
P-13-0082-2023,0,Description,"协议号：P-13-0082-2023
整车5箱电池（L302C01*5），系统：579.6V/302AH，电量：175.03Kwh。配置：200A欧标单枪充电、加热膜加热、集成水冷、不带电池箱灭火器。"
P-13-0123-2023,0,Description,"协议号：P-13-0123-2023
整车4箱电池（L228G01*2+L228C01*2），系统：,560.28V/228AH，电量：127.7KWH。配置：250A国标单枪充电（70平）、加热膜加热、集成水冷、带电池箱灭火器。接线盒：780153-00386；BMS：780150-00225；"
P-TM-05-0023-2023,3,Description,关于焊装部分作业指导书升版的技术通知 
P-13-0101-2023,0,Description,"协议号：P-13-0101-2023
整车8箱电池（L228G01*8），系统：502.32V/228AH，电量：229.1KWH。配置：250A国标双枪充电、加热膜加热、集成水冷、带电池箱灭火器。接线盒：780153-01193；BMS：780150-00225；"
P-06-0674-2023,0,Description,"关于6609BEVBF-P013&P042欧洲6米车22KW OBC增加外置滤波器的变更通知单
关于6859BEVBF2-P019伯尔拉德40KW OBC增加转线盒的变更通知单
关于6129BEVBF3-P023罗马尼亚车更换三通固定卡箍的变更通知单"
P-06-0603-2023,0,Description,P-06-0603-2023关于意大利（6119BEVBF1-N054N060P021）7台+（6129BEVBF8-P022）2台订单车电池液冷系统的整改通知单 
P-06-0542-2023,0,Description,关于6129BEVBF3-P023罗马尼亚车内封板及地板内饰总成设计优化的变更通知 
GTZ6129BEVR(GTZ6129BEVBF7)_P002,0,Description,"1、接口定义表
2、通讯协议
3、故障码表
4、系统方案
5、定版软件代码
6、CAN网络拓扑"
P-13-0013-2024,0,Description,"协议号：P-13-0013-2024
整车12箱电池：3X（L228G01*2+L228C01*2），系统：560.28V/684AH，电量：383.2KWH。配置：250A欧标单枪充电（70平）、250A欧标弓充（70平）、加热膜加热、集成水冷、不带电池箱灭火器。接线盒：780153-00391；BMS：780150-00314；"
P-06-0787-2023,0,Description,关于欧洲6米3台车（6609BEVBF-P013、P042）和罗马尼亚8.5米10台车（6859BEVBF2-P019）充电座总成的技术变更通知单 
GTZ6129BEVR(GTZ6129BEVBF7)_P008,0,Description,"1、接口定义表
2、通讯协议
3、故障码表
4、系统方案
5、定版软件代码
6、CAN网络拓扑"
GTZ6129BEVR(GTZ6129BEVBF8)_P009,0,Description,"1、接口定义表
2、通讯协议
3、故障码表
4、系统方案
5、定版软件代码
6、CAN网络拓扑"
GTZ6119BEVBF2_P015,0,Description,"1、接口定义表
2、通讯协议
3、故障码表
4、系统方案
5、定版软件代码
6、CAN网络拓扑"
GTZ6859BEVBF2_P018,0,Description,"1、接口定义表
2、通讯协议
3、故障码表
4、系统方案
5、定版软件代码
6、CAN网络拓扑"
GTZ6129BEVBF3_P023,0,Description,"1、接口定义表
2、通讯协议
3、故障码表
4、系统方案
5、定版软件代码
6、CAN网络拓扑"
P-13-0016-2024,0,Description,"协议号：P-13-0016-2024
整车8箱电池（L228G01*8），系统：502.32V/456AH，电量：229.1KWH。配置：250A欧标单枪充电（70）、单放（70）、加热膜加热、集成水冷、不带电池箱灭火器。接线盒：780153-00460；BMS：780150-00314；"
P-13-0017-2024,0,Description,"协议号：P-13-0017-2024
整车8箱电池（L228G01*8），系统：502.32V/456AH，电量：229.1KWH。配置：250A欧标双枪充电（双70）、单放（70）、加热膜加热、集成水冷、不带电池箱灭火器。接线盒：780153-01193；BMS：780150-00314；"
P-13-0018-2024,0,Description,"协议号：P-13-0018-2024
整车8箱电池，系统：666V/336AH，电量：223.78KWH。配置：250A欧标单枪充电（70）+弓充（双95）、单放（70）、集成水冷+水热、不带电池箱灭火器。"
P-13-0007-2024,0,Description,"协议号：P-13-0007-2024
整车8箱电池2X（L302C01*3+L302G01*1），系统：589.26V/456AH，电量：268.7KWH。配置：欧标双枪充电、加热膜加热、集成水冷、不带电池箱灭火器。"
GTZ6119BEVBF1_P021,0,Description,"1、接口定义表
2、通讯协议
3、故障码表
4、系统方案
5、定版软件代码
6、CAN网络拓扑"
P-13-0157-2023,0,Description,"协议号：P-13-0157-2023
整车12箱电池：3X（L228G01*2+L228C01*2），系统：560.28V/228AH，电量：383.2KWH。配置：250A欧标单枪充电（95平）、加热膜加热、集成水冷、不带电池箱灭火器。接线盒：780153-01383；BMS：780150-00141；"
GTZ6119BEVBF3_P041,0,Description,"1、接口定义表
2、通讯协议
3、故障码表
4、系统方案
5、定版软件代码
6、CAN网络拓扑"
P-06-0065-2024,0,Description,"变更主题	关于6129BEVBF6-P067车架中段总成、车内封板总成增加前轮后台阶检修口的变更通知"
P-13-0011-2024,0,Description,"协议号：P-13-0011-2024
整车5个电池箱（5B32），系统：576V/332Ah，电量191.23Kwh,配置：电池1支路（50平）、欧标双枪（各50平）、加热膜加热、液冷方式：集成水冷组合方式、不带电池箱灭火器、单支路放电（50平）"
GTZ6609BEVBF_P013_P042,0,Description,"1、接口定义表
2、通讯协议
3、故障码表
4、系统方案
5、定版软件代码
6、CAN网络拓扑"
GTZ6859BEVBF1_P017,0,Description,"1、接口定义表
2、通讯协议
3、故障码表
4、系统方案
5、定版软件代码
6、CAN网络拓扑"
GTZ6129BEVBF8_P022,0,Description,"1、接口定义表
2、通讯协议
3、故障码表
4、系统方案
5、定版软件代码
6、CAN网络拓扑"
GTZ6129BEVR(GTZ6129BEVBF7)_P007,0,Description,"1、接口定义表
2、通讯协议
3、故障码表
4、系统方案
5、定版软件代码
6、CAN网络拓扑"
GTZ6119BEVBF3_P014,0,Description,"1、接口定义表
2、通讯协议
3、故障码表
4、系统方案
5、定版软件代码
6、CAN网络拓扑"
GTZ6859BEVBF1_P020,0,Description,"1、接口定义表
2、通讯协议
3、故障码表
4、系统方案
5、定版软件代码
6、CAN网络拓扑"
P-06-0006-2024,0,Description,关于6775高宝车型前后围总成技术图纸设计优化的通知 
GTZ6129BEVR(GTZ6129BEVBF8)_P006,0,Description,"1、接口定义表
2、通讯协议
3、故障码表
4、系统方案
5、定版软件代码
6、CAN网络拓扑"
GTZ6859BEVBF2_P019,0,Description,"1、接口定义表
2、通讯协议
3、故障码表
4、系统方案
5、定版软件代码
6、CAN网络拓扑"
P-13-0149-2023,0,Description,"协议号：P-13-0149-2023
整车8箱电池（L173C01*6），系统：608.58V/346AH，电量：210.6KWH。配置：200A国标双枪充电、加热膜加热、集成水冷、带电池箱灭火器、带DCDC功能；接线盒：780153-；BMS：780150-00250。"
P-13-0132-2023,0,Description,"协议号：P-13-0132-2023
整车8箱电池（L228G01*8），系统：502.32V/228AH，电量：229.1KWH。配置：280A欧标单枪充电、加热膜加热、集成水冷、带电池箱灭火器。接线盒：780153-01383；BMS：780150-00141；"
P-13-0001-2024,0,Description,"协议号：P-13-0001-2024
整车5箱电池（L302C01*3+L302G01*2），系统：540.96V/302AH，电量：163.36KWH。配置：欧标双枪充电、加热膜加热、集成水冷、不带电池箱灭火器。"
GTZ6859BEVBF1_P016,0,Description,"1、接口定义表
2、通讯协议
3、故障码表
4、系统方案
5、定版软件代码
6、CAN网络拓扑"
P-13-0035-2024,0,Description,"协议号：P-13-0035-2024
整车8箱电池：2X（L268B02*4），系统：579.6V536AH，电量：310.66KWH。配置：250A国标双枪充电（70平）、集成水冷无水热、带电池箱灭火器。接线盒：780153-00282；BMS：780150-00225；"
P-13-0028-2024,0,Description,"协议号：P-13-0028-2024
整车10箱电池：2X（L302C01+L302G01*4），系统：502.32V/604AH，电量：303.4KWH。配置：250A国标双枪充电（70平）、加热膜加热、集成水冷、不带电池箱灭火器。接线盒：780153-00282；BMS：780153-00225；"
P-13-0023-2024,0,Description,"协议号：P-13-0023-2024
整车4箱电池（L228C01*2+L228G01*2），系统：560.28V/228AH，电量：127.74KWH。配置：欧标200A直流充电+32A交流充电、加热膜加热、集成水冷、不带电池箱灭火器。"
